id,filename,split,source_found,source_path
kPPRWcA3kTBARkhZriSo,belen_titan_08_2026-03-20_193733.jpg,train,yes,D:\SUBASTA\minera-belen\iakol_minera_belen_titan_alma_peru\capture_rumas\2026-03-20\belen_titan_08_2026-03-20_193733.jpg
q8c7fAieJffSigMYj4qX,belen_titan_08_2026-03-20_191731.jpg,valid,yes,D:\SUBASTA\minera-belen\iakol_minera_belen_titan_alma_peru\capture_rumas\2026-03-20\belen_titan_08_2026-03-20_191731.jpg
wpIx3qyT5wg5WjSlLQ1P,belen_titan_08_2026-03-20_185730.jpg,train,yes,D:\SUBASTA\minera-belen\iakol_minera_belen_titan_alma_peru\capture_rumas\2026-03-20\belen_titan_08_2026-03-20_185730.jpg
4oEHGxaecwa8dFXPCtaC,belen_titan_08_2026-03-20_165731.jpg,train,yes,D:\SUBASTA\minera-belen\iakol_minera_belen_titan_alma_peru\capture_rumas\2026-03-20\belen_titan_08_2026-03-20_165731.jpg
J0JWEChvrOm6DmQw7MRg,belen_titan_08_2026-03-20_092018.jpg,valid,yes,D:\SUBASTA\minera-belen\iakol_minera_belen_titan_alma_peru\capture_rumas\2026-03-20\belen_titan_08_2026-03-20_092018.jpg
KNEDBi0QdxYrXS8dshZW,belen_titan_08_2026-03-20_085746.jpg,valid,yes,D:\SUBASTA\minera-belen\iakol_minera_belen_titan_alma_peru\capture_rumas\2026-03-20\belen_titan_08_2026-03-20_085746.jpg
XGV9FckpR41igIadKz3h,belen_titan_08_2026-03-20_105855.jpg,train,yes,D:\SUBASTA\minera-belen\iakol_minera_belen_titan_alma_peru\capture_rumas\2026-03-20\belen_titan_08_2026-03-20_105855.jpg
cvIzsczSLRgkzZRWfCFN,belen_titan_07_2026-03-20_155727.jpg,train,yes,D:\SUBASTA\minera-belen\iakol_minera_belen_titan_alma_peru\capture_rumas\2026-03-20\belen_titan_07_2026-03-20_155727.jpg
hZUAcMDTVBLKQavNlJhi,belen_titan_08_2026-03-20_103732.jpg,train,yes,D:\SUBASTA\minera-belen\iakol_minera_belen_titan_alma_peru\capture_rumas\2026-03-20\belen_titan_08_2026-03-20_103732.jpg
hdFRFxXCVO66uYox5bqJ,belen_titan_07_2026-03-20_161730.jpg,train,yes,D:\SUBASTA\minera-belen\iakol_minera_belen_titan_alma_peru\capture_rumas\2026-03-20\belen_titan_07_2026-03-20_161730.jpg
xwFeM2nohwSaRRsAwXsM,belen_titan_08_2026-03-20_171731.jpg,valid,yes,D:\SUBASTA\minera-belen\iakol_minera_belen_titan_alma_peru\capture_rumas\2026-03-20\belen_titan_08_2026-03-20_171731.jpg
1KmmEtXr0MnD2rESdhNd,belen_titan_08_2026-03-20_155732.jpg,valid,yes,D:\SUBASTA\minera-belen\iakol_minera_belen_titan_alma_peru\capture_rumas\2026-03-20\belen_titan_08_2026-03-20_155732.jpg
7wBtmwZnKDTjcBV3tbHD,belen_titan_07_2026-03-20_181725.jpg,train,yes,D:\SUBASTA\minera-belen\iakol_minera_belen_titan_alma_peru\capture_rumas\2026-03-20\belen_titan_07_2026-03-20_181725.jpg
AN7jRMLiNNDtO5xqszuB,belen_titan_07_2026-03-20_143726.jpg,train,yes,D:\SUBASTA\minera-belen\iakol_minera_belen_titan_alma_peru\capture_rumas\2026-03-20\belen_titan_07_2026-03-20_143726.jpg
IPdsrzJm2l2RkiSbeQqr,belen_titan_07_2026-03-20_141727.jpg,train,yes,D:\SUBASTA\minera-belen\iakol_minera_belen_titan_alma_peru\capture_rumas\2026-03-20\belen_titan_07_2026-03-20_141727.jpg
JH5Edvvhce5ShPlFVtmD,belen_titan_07_2026-03-20_165726.jpg,train,yes,D:\SUBASTA\minera-belen\iakol_minera_belen_titan_alma_peru\capture_rumas\2026-03-20\belen_titan_07_2026-03-20_165726.jpg
NrXSK20NvP2GCnv6zV2Q,belen_titan_08_2026-03-20_173733.jpg,train,yes,D:\SUBASTA\minera-belen\iakol_minera_belen_titan_alma_peru\capture_rumas\2026-03-20\belen_titan_08_2026-03-20_173733.jpg
REHx0F6CIAeJUPRndcIh,belen_titan_08_2026-03-20_115730.jpg,train,yes,D:\SUBASTA\minera-belen\iakol_minera_belen_titan_alma_peru\capture_rumas\2026-03-20\belen_titan_08_2026-03-20_115730.jpg
YfM0jxiQ6NmBjmDvqBAn,belen_titan_07_2026-03-20_163727.jpg,train,yes,D:\SUBASTA\minera-belen\iakol_minera_belen_titan_alma_peru\capture_rumas\2026-03-20\belen_titan_07_2026-03-20_163727.jpg
cC5dbKQ6pPxxJboDb7Yw,belen_titan_07_2026-03-20_151726.jpg,train,yes,D:\SUBASTA\minera-belen\iakol_minera_belen_titan_alma_peru\capture_rumas\2026-03-20\belen_titan_07_2026-03-20_151726.jpg
cfhojSxxw4K2Rd69i1Rw,belen_titan_08_2026-03-20_153734.jpg,valid,yes,D:\SUBASTA\minera-belen\iakol_minera_belen_titan_alma_peru\capture_rumas\2026-03-20\belen_titan_08_2026-03-20_153734.jpg
d1T6cQh7yuUvP4ZC1Jxf,belen_titan_08_2026-03-20_181730.jpg,train,yes,D:\SUBASTA\minera-belen\iakol_minera_belen_titan_alma_peru\capture_rumas\2026-03-20\belen_titan_08_2026-03-20_181730.jpg
eDYYs7FkpNgam75vzNNs,belen_titan_08_2026-03-20_161735.jpg,train,yes,D:\SUBASTA\minera-belen\iakol_minera_belen_titan_alma_peru\capture_rumas\2026-03-20\belen_titan_08_2026-03-20_161735.jpg
eJ6YhXCFG5FH89r0KFli,belen_titan_08_2026-03-20_135740.jpg,train,yes,D:\SUBASTA\minera-belen\iakol_minera_belen_titan_alma_peru\capture_rumas\2026-03-20\belen_titan_08_2026-03-20_135740.jpg
oBbG06YD5IfTUxgBhOxG,belen_titan_07_2026-03-20_153729.jpg,train,yes,D:\SUBASTA\minera-belen\iakol_minera_belen_titan_alma_peru\capture_rumas\2026-03-20\belen_titan_07_2026-03-20_153729.jpg
vOVIND7ByxrhJG63t3tN,belen_titan_08_2026-03-20_101948.jpg,train,yes,D:\SUBASTA\minera-belen\iakol_minera_belen_titan_alma_peru\capture_rumas\2026-03-20\belen_titan_08_2026-03-20_101948.jpg
3nZwlV0L5TR79T0uty4k,belen_titan_08_2026-03-20_125736.jpg,valid,yes,D:\SUBASTA\minera-belen\iakol_minera_belen_titan_alma_peru\capture_rumas\2026-03-20\belen_titan_08_2026-03-20_125736.jpg
B2OdMF6u65NYTsrRDESf,belen_titan_08_2026-03-20_095918.jpg,train,yes,D:\SUBASTA\minera-belen\iakol_minera_belen_titan_alma_peru\capture_rumas\2026-03-20\belen_titan_08_2026-03-20_095918.jpg
C46QvIwhqEhDsTdivpDO,belen_titan_08_2026-03-20_175732.jpg,valid,yes,D:\SUBASTA\minera-belen\iakol_minera_belen_titan_alma_peru\capture_rumas\2026-03-20\belen_titan_08_2026-03-20_175732.jpg
DRMz6zxao4UdYGJWRd46,belen_titan_08_2026-03-20_121732.jpg,train,yes,D:\SUBASTA\minera-belen\iakol_minera_belen_titan_alma_peru\capture_rumas\2026-03-20\belen_titan_08_2026-03-20_121732.jpg
Em5cSymYjvRHwzR6fdu6,belen_titan_07_2026-03-20_171726.jpg,train,yes,D:\SUBASTA\minera-belen\iakol_minera_belen_titan_alma_peru\capture_rumas\2026-03-20\belen_titan_07_2026-03-20_171726.jpg
Now398TWfnp4X3bEa0x2,belen_titan_07_2026-03-20_175727.jpg,train,yes,D:\SUBASTA\minera-belen\iakol_minera_belen_titan_alma_peru\capture_rumas\2026-03-20\belen_titan_07_2026-03-20_175727.jpg
TBPAiam0ixwXy1BS5p7F,belen_titan_08_2026-03-20_131950.jpg,train,yes,D:\SUBASTA\minera-belen\iakol_minera_belen_titan_alma_peru\capture_rumas\2026-03-20\belen_titan_08_2026-03-20_131950.jpg
VWRi1NvV9zmp0VhPW1rT,belen_titan_08_2026-03-20_143731.jpg,train,yes,D:\SUBASTA\minera-belen\iakol_minera_belen_titan_alma_peru\capture_rumas\2026-03-20\belen_titan_08_2026-03-20_143731.jpg
ezSLGKdKD00dadqtXNOg,belen_titan_07_2026-03-20_173727.jpg,train,yes,D:\SUBASTA\minera-belen\iakol_minera_belen_titan_alma_peru\capture_rumas\2026-03-20\belen_titan_07_2026-03-20_173727.jpg
fxCLuFLocrLYD13CC89H,belen_titan_08_2026-03-20_141732.jpg,valid,yes,D:\SUBASTA\minera-belen\iakol_minera_belen_titan_alma_peru\capture_rumas\2026-03-20\belen_titan_08_2026-03-20_141732.jpg
hvP83n1VrVrNOyn4CNoO,belen_titan_08_2026-03-20_183733.jpg,train,yes,D:\SUBASTA\minera-belen\iakol_minera_belen_titan_alma_peru\capture_rumas\2026-03-20\belen_titan_08_2026-03-20_183733.jpg
nr1Ez6PI9U61LzBXFQaq,belen_titan_08_2026-03-20_145732.jpg,train,yes,D:\SUBASTA\minera-belen\iakol_minera_belen_titan_alma_peru\capture_rumas\2026-03-20\belen_titan_08_2026-03-20_145732.jpg
oowbjU9rfq8i3SOyFz4b,belen_titan_07_2026-03-20_131943.jpg,train,yes,D:\SUBASTA\minera-belen\iakol_minera_belen_titan_alma_peru\capture_rumas\2026-03-20\belen_titan_07_2026-03-20_131943.jpg
se95ucuQa4jTor4Rv1Dz,belen_titan_08_2026-03-20_111731.jpg,train,yes,D:\SUBASTA\minera-belen\iakol_minera_belen_titan_alma_peru\capture_rumas\2026-03-20\belen_titan_08_2026-03-20_111731.jpg
2Sp08rThfk8ndKG6FmGk,belen_titan_08_2026-03-20_113855.jpg,train,yes,D:\SUBASTA\minera-belen\iakol_minera_belen_titan_alma_peru\capture_rumas\2026-03-20\belen_titan_08_2026-03-20_113855.jpg
BMod6jVmJJPJ43SSwR8T,belen_titan_08_2026-03-20_133918.jpg,valid,yes,D:\SUBASTA\minera-belen\iakol_minera_belen_titan_alma_peru\capture_rumas\2026-03-20\belen_titan_08_2026-03-20_133918.jpg
DHXrLfqawgOkeZjX2H4N,belen_titan_07_2026-03-20_133913.jpg,train,yes,D:\SUBASTA\minera-belen\iakol_minera_belen_titan_alma_peru\capture_rumas\2026-03-20\belen_titan_07_2026-03-20_133913.jpg
lZPjMMaNeF9ZMklh7OoO,belen_titan_07_2026-03-20_135735.jpg,train,yes,D:\SUBASTA\minera-belen\iakol_minera_belen_titan_alma_peru\capture_rumas\2026-03-20\belen_titan_07_2026-03-20_135735.jpg
q1iRdghJtyPbln48Q2rD,belen_titan_08_2026-03-20_151732.jpg,valid,yes,D:\SUBASTA\minera-belen\iakol_minera_belen_titan_alma_peru\capture_rumas\2026-03-20\belen_titan_08_2026-03-20_151732.jpg
yhv47MjQOK9IRp7IintH,belen_titan_08_2026-03-20_093918.jpg,train,yes,D:\SUBASTA\minera-belen\iakol_minera_belen_titan_alma_peru\capture_rumas\2026-03-20\belen_titan_08_2026-03-20_093918.jpg
HncyooE5ESuQWyQSF20J,belen_titan_08_2026-03-20_163732.jpg,train,yes,D:\SUBASTA\minera-belen\iakol_minera_belen_titan_alma_peru\capture_rumas\2026-03-20\belen_titan_08_2026-03-20_163732.jpg
xST7PG1kC1rZ0UqYyVEv,belen_titan_07_2026-03-20_145727.jpg,valid,yes,D:\SUBASTA\minera-belen\iakol_minera_belen_titan_alma_peru\capture_rumas\2026-03-20\belen_titan_07_2026-03-20_145727.jpg
1Me4W6ppVJfMNGCyoVdI,belen_titan_08_2026-03-20_123731.jpg,train,yes,D:\SUBASTA\minera-belen\iakol_minera_belen_titan_alma_peru\capture_rumas\2026-03-20\belen_titan_08_2026-03-20_123731.jpg
LkJreQ1p9w9WKLmLt4Ks,belen_titan_07_2026-03-20_185725.jpg,train,yes,D:\SUBASTA\minera-belen\iakol_minera_belen_titan_alma_peru\capture_rumas\2026-03-20\belen_titan_07_2026-03-20_185725.jpg
PGtzRC0YbML63HFIAO4h,belen_titan_07_2026-03-20_183728.jpg,train,yes,D:\SUBASTA\minera-belen\iakol_minera_belen_titan_alma_peru\capture_rumas\2026-03-20\belen_titan_07_2026-03-20_183728.jpg
mgfljXeePy5qpWHohM4J,belen_titan_07_2026-03-20_191726.jpg,train,yes,D:\SUBASTA\minera-belen\iakol_minera_belen_titan_alma_peru\capture_rumas\2026-03-20\belen_titan_07_2026-03-20_191726.jpg
lcx4P4FNHYI1szscB9QX,belen_titan_07_2026-03-20_193728.jpg,valid,yes,D:\SUBASTA\minera-belen\iakol_minera_belen_titan_alma_peru\capture_rumas\2026-03-20\belen_titan_07_2026-03-20_193728.jpg
N4UGyJ1E1ui1MxRT8COW,belen_titan_06_2026-03-20_181720.jpg,train,yes,D:\SUBASTA\minera-belen\iakol_minera_belen_titan_alma_peru\capture_rumas\2026-03-20\belen_titan_06_2026-03-20_181720.jpg
Y0x7fxsZTHFsYvjRGVJy,belen_titan_06_2026-03-20_161724.jpg,train,yes,D:\SUBASTA\minera-belen\iakol_minera_belen_titan_alma_peru\capture_rumas\2026-03-20\belen_titan_06_2026-03-20_161724.jpg
yQD6SQkn3nqpKkfoNuog,belen_titan_07_2026-03-20_093913.jpg,train,yes,D:\SUBASTA\minera-belen\iakol_minera_belen_titan_alma_peru\capture_rumas\2026-03-20\belen_titan_07_2026-03-20_093913.jpg
2h3K8nNwqP1u71WOkWd1,belen_titan_06_2026-03-20_145722.jpg,train,yes,D:\SUBASTA\minera-belen\iakol_minera_belen_titan_alma_peru\capture_rumas\2026-03-20\belen_titan_06_2026-03-20_145722.jpg
2rhCNLri3o4EnRE8a6lu,belen_titan_06_2026-03-20_153723.jpg,train,yes,D:\SUBASTA\minera-belen\iakol_minera_belen_titan_alma_peru\capture_rumas\2026-03-20\belen_titan_06_2026-03-20_153723.jpg
5h0dGF3aHdtOWYbIcr1n,belen_titan_06_2026-03-20_111721.jpg,valid,yes,D:\SUBASTA\minera-belen\iakol_minera_belen_titan_alma_peru\capture_rumas\2026-03-20\belen_titan_06_2026-03-20_111721.jpg
6CpRlQKVjQyTXboKRzzV,belen_titan_06_2026-03-20_101843.jpg,valid,yes,D:\SUBASTA\minera-belen\iakol_minera_belen_titan_alma_peru\capture_rumas\2026-03-20\belen_titan_06_2026-03-20_101843.jpg
7N2EMC9oWqyWIl9Kgwwo,belen_titan_06_2026-03-20_113820.jpg,train,yes,D:\SUBASTA\minera-belen\iakol_minera_belen_titan_alma_peru\capture_rumas\2026-03-20\belen_titan_06_2026-03-20_113820.jpg
GOKqckh7c78pgwxkRkoO,belen_titan_06_2026-03-20_131843.jpg,train,yes,D:\SUBASTA\minera-belen\iakol_minera_belen_titan_alma_peru\capture_rumas\2026-03-20\belen_titan_06_2026-03-20_131843.jpg
GkGtDt8azM4kOXCE83Px,belen_titan_07_2026-03-20_085741.jpg,train,yes,D:\SUBASTA\minera-belen\iakol_minera_belen_titan_alma_peru\capture_rumas\2026-03-20\belen_titan_07_2026-03-20_085741.jpg
NyaNAgDDYwnEFJbOwFof,belen_titan_06_2026-03-20_115720.jpg,train,yes,D:\SUBASTA\minera-belen\iakol_minera_belen_titan_alma_peru\capture_rumas\2026-03-20\belen_titan_06_2026-03-20_115720.jpg
Nzwe42NC3OAaxHbJYMCx,belen_titan_06_2026-03-20_093813.jpg,train,yes,D:\SUBASTA\minera-belen\iakol_minera_belen_titan_alma_peru\capture_rumas\2026-03-20\belen_titan_06_2026-03-20_093813.jpg
PqbSsZz0EzifqqO6YOgK,belen_titan_07_2026-03-20_115725.jpg,valid,yes,D:\SUBASTA\minera-belen\iakol_minera_belen_titan_alma_peru\capture_rumas\2026-03-20\belen_titan_07_2026-03-20_115725.jpg
WgToa1HHee4LIf6x1LGQ,belen_titan_06_2026-03-20_193723.jpg,train,yes,D:\SUBASTA\minera-belen\iakol_minera_belen_titan_alma_peru\capture_rumas\2026-03-20\belen_titan_06_2026-03-20_193723.jpg
YTbMxhd3dnctrUnXyIun,belen_titan_06_2026-03-20_105812.jpg,valid,yes,D:\SUBASTA\minera-belen\iakol_minera_belen_titan_alma_peru\capture_rumas\2026-03-20\belen_titan_06_2026-03-20_105812.jpg
aRA2B3ZLKR2dLYWepqz7,belen_titan_06_2026-03-20_165721.jpg,valid,yes,D:\SUBASTA\minera-belen\iakol_minera_belen_titan_alma_peru\capture_rumas\2026-03-20\belen_titan_06_2026-03-20_165721.jpg
bdt1V03Hpk8RHx4uAhoi,belen_titan_07_2026-03-20_095913.jpg,train,yes,D:\SUBASTA\minera-belen\iakol_minera_belen_titan_alma_peru\capture_rumas\2026-03-20\belen_titan_07_2026-03-20_095913.jpg
cHFWraiFcLDy88DASlFe,belen_titan_07_2026-03-20_101943.jpg,train,yes,D:\SUBASTA\minera-belen\iakol_minera_belen_titan_alma_peru\capture_rumas\2026-03-20\belen_titan_07_2026-03-20_101943.jpg
emfYfkaLU2QZKXBYCHcc,belen_titan_06_2026-03-20_173722.jpg,train,yes,D:\SUBASTA\minera-belen\iakol_minera_belen_titan_alma_peru\capture_rumas\2026-03-20\belen_titan_06_2026-03-20_173722.jpg
hsv2QDXgc6KPrmb342Lt,belen_titan_06_2026-03-20_163722.jpg,train,yes,D:\SUBASTA\minera-belen\iakol_minera_belen_titan_alma_peru\capture_rumas\2026-03-20\belen_titan_06_2026-03-20_163722.jpg
kNQjOZ1Mmny9uG4htKsl,belen_titan_06_2026-03-20_171721.jpg,train,yes,D:\SUBASTA\minera-belen\iakol_minera_belen_titan_alma_peru\capture_rumas\2026-03-20\belen_titan_06_2026-03-20_171721.jpg
m69B6lfYfAptSKqXiJVs,belen_titan_06_2026-03-20_151721.jpg,valid,yes,D:\SUBASTA\minera-belen\iakol_minera_belen_titan_alma_peru\capture_rumas\2026-03-20\belen_titan_06_2026-03-20_151721.jpg
nGODfRLLKTZsvVjkbIZy,belen_titan_06_2026-03-20_185720.jpg,train,yes,D:\SUBASTA\minera-belen\iakol_minera_belen_titan_alma_peru\capture_rumas\2026-03-20\belen_titan_06_2026-03-20_185720.jpg
sBNBUteBdYK0NKn028qn,belen_titan_06_2026-03-20_191721.jpg,train,yes,D:\SUBASTA\minera-belen\iakol_minera_belen_titan_alma_peru\capture_rumas\2026-03-20\belen_titan_06_2026-03-20_191721.jpg
sgG6L6rMACvINdwwmgt5,belen_titan_07_2026-03-20_125730.jpg,valid,yes,D:\SUBASTA\minera-belen\iakol_minera_belen_titan_alma_peru\capture_rumas\2026-03-20\belen_titan_07_2026-03-20_125730.jpg
tyg4qVDeTWPJiRqlFFhS,belen_titan_07_2026-03-20_123725.jpg,train,yes,D:\SUBASTA\minera-belen\iakol_minera_belen_titan_alma_peru\capture_rumas\2026-03-20\belen_titan_07_2026-03-20_123725.jpg
11ZCDtBzZY6N9lj9XuQZ,belen_titan_06_2026-03-20_121722.jpg,valid,yes,D:\SUBASTA\minera-belen\iakol_minera_belen_titan_alma_peru\capture_rumas\2026-03-20\belen_titan_06_2026-03-20_121722.jpg
6WbmO5Nqj2wbLO16iDEE,belen_titan_06_2026-03-20_135722.jpg,valid,yes,D:\SUBASTA\minera-belen\iakol_minera_belen_titan_alma_peru\capture_rumas\2026-03-20\belen_titan_06_2026-03-20_135722.jpg
Dh96s0so9qLqjGSjiCvb,belen_titan_07_2026-03-20_103727.jpg,train,yes,D:\SUBASTA\minera-belen\iakol_minera_belen_titan_alma_peru\capture_rumas\2026-03-20\belen_titan_07_2026-03-20_103727.jpg
EnOzbsLSJbd8G6PJETKe,belen_titan_07_2026-03-20_111727.jpg,valid,yes,D:\SUBASTA\minera-belen\iakol_minera_belen_titan_alma_peru\capture_rumas\2026-03-20\belen_titan_07_2026-03-20_111727.jpg
GbrLUJv68FPMbV5IFQ4Z,belen_titan_06_2026-03-20_103722.jpg,train,yes,D:\SUBASTA\minera-belen\iakol_minera_belen_titan_alma_peru\capture_rumas\2026-03-20\belen_titan_06_2026-03-20_103722.jpg
JJzlCEQWB45WVnaJcuKa,belen_titan_07_2026-03-20_113850.jpg,train,yes,D:\SUBASTA\minera-belen\iakol_minera_belen_titan_alma_peru\capture_rumas\2026-03-20\belen_titan_07_2026-03-20_113850.jpg
Mu6EjiHov1Zi5UUQAUAf,belen_titan_06_2026-03-20_091913.jpg,train,yes,D:\SUBASTA\minera-belen\iakol_minera_belen_titan_alma_peru\capture_rumas\2026-03-20\belen_titan_06_2026-03-20_091913.jpg
V2rijsz3nz5xDEEJ82HW,belen_titan_06_2026-03-20_125724.jpg,train,yes,D:\SUBASTA\minera-belen\iakol_minera_belen_titan_alma_peru\capture_rumas\2026-03-20\belen_titan_06_2026-03-20_125724.jpg
b0JWrPcDdBUG9oIV4lUS,belen_titan_06_2026-03-20_085736.jpg,valid,yes,D:\SUBASTA\minera-belen\iakol_minera_belen_titan_alma_peru\capture_rumas\2026-03-20\belen_titan_06_2026-03-20_085736.jpg
enJZHJ8WBREIpyL0m09e,belen_titan_06_2026-03-20_143721.jpg,train,yes,D:\SUBASTA\minera-belen\iakol_minera_belen_titan_alma_peru\capture_rumas\2026-03-20\belen_titan_06_2026-03-20_143721.jpg
haHJzaeEqgS3s350r3ye,belen_titan_07_2026-03-20_105845.jpg,train,yes,D:\SUBASTA\minera-belen\iakol_minera_belen_titan_alma_peru\capture_rumas\2026-03-20\belen_titan_07_2026-03-20_105845.jpg
jhWVWby8sEM3w1QcO0nT,belen_titan_06_2026-03-20_095813.jpg,train,yes,D:\SUBASTA\minera-belen\iakol_minera_belen_titan_alma_peru\capture_rumas\2026-03-20\belen_titan_06_2026-03-20_095813.jpg
sdDznWGs1IU9bQveEtTe,belen_titan_06_2026-03-20_175722.jpg,train,yes,D:\SUBASTA\minera-belen\iakol_minera_belen_titan_alma_peru\capture_rumas\2026-03-20\belen_titan_06_2026-03-20_175722.jpg
swvGzml2S0Jh9CNyyMKZ,belen_titan_06_2026-03-20_141722.jpg,train,yes,D:\SUBASTA\minera-belen\iakol_minera_belen_titan_alma_peru\capture_rumas\2026-03-20\belen_titan_06_2026-03-20_141722.jpg
zGTnbTn2jYmm0lxNZZ6e,belen_titan_07_2026-03-20_121727.jpg,train,yes,D:\SUBASTA\minera-belen\iakol_minera_belen_titan_alma_peru\capture_rumas\2026-03-20\belen_titan_07_2026-03-20_121727.jpg
86BX4yFuRU706ZFoWhwN,belen_titan_06_2026-03-20_183722.jpg,train,yes,D:\SUBASTA\minera-belen\iakol_minera_belen_titan_alma_peru\capture_rumas\2026-03-20\belen_titan_06_2026-03-20_183722.jpg
9pK0yZQPI9sidBR4ttdj,belen_titan_06_2026-03-20_123720.jpg,valid,yes,D:\SUBASTA\minera-belen\iakol_minera_belen_titan_alma_peru\capture_rumas\2026-03-20\belen_titan_06_2026-03-20_123720.jpg
IiUAw6Q3nj1nrejivKMb,belen_titan_05_2026-03-20_195348.jpg,train,yes,D:\SUBASTA\minera-belen\iakol_minera_belen_titan_alma_peru\capture_rumas\2026-03-20\belen_titan_05_2026-03-20_195348.jpg
TaKCN4qNFMpUUNvlNmTQ,belen_titan_06_2026-03-20_155722.jpg,train,yes,D:\SUBASTA\minera-belen\iakol_minera_belen_titan_alma_peru\capture_rumas\2026-03-20\belen_titan_06_2026-03-20_155722.jpg
XkyZa5T4WdsRTPI6cIgi,belen_titan_05_2026-03-20_191716.jpg,train,yes,D:\SUBASTA\minera-belen\iakol_minera_belen_titan_alma_peru\capture_rumas\2026-03-20\belen_titan_05_2026-03-20_191716.jpg
mNpNwKDMYDfShTBj55Pq,belen_titan_06_2026-03-20_133812.jpg,train,yes,D:\SUBASTA\minera-belen\iakol_minera_belen_titan_alma_peru\capture_rumas\2026-03-20\belen_titan_06_2026-03-20_133812.jpg
pmZBzmE9ydliWYdMDD0M,belen_titan_05_2026-03-20_193718.jpg,train,yes,D:\SUBASTA\minera-belen\iakol_minera_belen_titan_alma_peru\capture_rumas\2026-03-20\belen_titan_05_2026-03-20_193718.jpg
tS6ajR3TdBHyJtMdQjSN,belen_titan_06_2026-03-20_195353.jpg,train,yes,D:\SUBASTA\minera-belen\iakol_minera_belen_titan_alma_peru\capture_rumas\2026-03-20\belen_titan_06_2026-03-20_195353.jpg
NmOUJxAa44Q5NiqNm06r,belen_titan_05_2026-03-20_185715.jpg,train,yes,D:\SUBASTA\minera-belen\iakol_minera_belen_titan_alma_peru\capture_rumas\2026-03-20\belen_titan_05_2026-03-20_185715.jpg
MiyTiN0ypSXeO6UGkcmd,belen_titan_05_2026-03-20_085721.jpg,valid,yes,D:\SUBASTA\minera-belen\iakol_minera_belen_titan_alma_peru\capture_rumas\2026-03-20\belen_titan_05_2026-03-20_085721.jpg
rGJgxXoOxBsk8XqF9mCX,belen_titan_04_2026-03-20_145711.jpg,train,yes,D:\SUBASTA\minera-belen\iakol_minera_belen_titan_alma_peru\capture_rumas\2026-03-20\belen_titan_04_2026-03-20_145711.jpg
ytmqqamYynNtiWRgw0lX,belen_titan_05_2026-03-20_151716.jpg,valid,yes,D:\SUBASTA\minera-belen\iakol_minera_belen_titan_alma_peru\capture_rumas\2026-03-20\belen_titan_05_2026-03-20_151716.jpg
2Y37vOFWJcHsSDri9CtT,belen_titan_05_2026-03-20_111716.jpg,train,yes,D:\SUBASTA\minera-belen\iakol_minera_belen_titan_alma_peru\capture_rumas\2026-03-20\belen_titan_05_2026-03-20_111716.jpg
32OlkYXYbqLV4vrYTVsC,belen_titan_05_2026-03-20_093807.jpg,train,yes,D:\SUBASTA\minera-belen\iakol_minera_belen_titan_alma_peru\capture_rumas\2026-03-20\belen_titan_05_2026-03-20_093807.jpg
9IjxrFxwokVG3SbSaHNL,belen_titan_05_2026-03-20_091908.jpg,valid,yes,D:\SUBASTA\minera-belen\iakol_minera_belen_titan_alma_peru\capture_rumas\2026-03-20\belen_titan_05_2026-03-20_091908.jpg
BMZhQbftVvfqoAubXNXV,belen_titan_05_2026-03-20_155717.jpg,train,yes,D:\SUBASTA\minera-belen\iakol_minera_belen_titan_alma_peru\capture_rumas\2026-03-20\belen_titan_05_2026-03-20_155717.jpg
FUdescJgJf9qgLFbVabw,belen_titan_05_2026-03-20_175717.jpg,valid,yes,D:\SUBASTA\minera-belen\iakol_minera_belen_titan_alma_peru\capture_rumas\2026-03-20\belen_titan_05_2026-03-20_175717.jpg
Jzp3vvUB792TRndMKZus,belen_titan_05_2026-03-20_165716.jpg,train,yes,D:\SUBASTA\minera-belen\iakol_minera_belen_titan_alma_peru\capture_rumas\2026-03-20\belen_titan_05_2026-03-20_165716.jpg
WfonKLjgxCxSVl04LuXb,belen_titan_04_2026-03-20_165711.jpg,train,yes,D:\SUBASTA\minera-belen\iakol_minera_belen_titan_alma_peru\capture_rumas\2026-03-20\belen_titan_04_2026-03-20_165711.jpg
b4rM4xN3IZHanDx14AlG,belen_titan_05_2026-03-20_163717.jpg,valid,yes,D:\SUBASTA\minera-belen\iakol_minera_belen_titan_alma_peru\capture_rumas\2026-03-20\belen_titan_05_2026-03-20_163717.jpg
bJ5A0iDPzD4ebtp1srUg,belen_titan_05_2026-03-20_123715.jpg,train,yes,D:\SUBASTA\minera-belen\iakol_minera_belen_titan_alma_peru\capture_rumas\2026-03-20\belen_titan_05_2026-03-20_123715.jpg
og2I5IwdfAiDFOGFrJCp,belen_titan_05_2026-03-20_171716.jpg,valid,yes,D:\SUBASTA\minera-belen\iakol_minera_belen_titan_alma_peru\capture_rumas\2026-03-20\belen_titan_05_2026-03-20_171716.jpg
tthFnGPLlPxvQdAte9ai,belen_titan_05_2026-03-20_095808.jpg,train,yes,D:\SUBASTA\minera-belen\iakol_minera_belen_titan_alma_peru\capture_rumas\2026-03-20\belen_titan_05_2026-03-20_095808.jpg
zwvjtTDC0Fsm7N2x2cb2,belen_titan_04_2026-03-20_153713.jpg,train,yes,D:\SUBASTA\minera-belen\iakol_minera_belen_titan_alma_peru\capture_rumas\2026-03-20\belen_titan_04_2026-03-20_153713.jpg
51Dmstsr52Ov2pY4eg8v,belen_titan_04_2026-03-20_175712.jpg,train,yes,D:\SUBASTA\minera-belen\iakol_minera_belen_titan_alma_peru\capture_rumas\2026-03-20\belen_titan_04_2026-03-20_175712.jpg
6EErUXDhv82MSuIjL5U5,belen_titan_04_2026-03-20_161713.jpg,train,yes,D:\SUBASTA\minera-belen\iakol_minera_belen_titan_alma_peru\capture_rumas\2026-03-20\belen_titan_04_2026-03-20_161713.jpg
KYaOqrT4g1L0zAZwFxrj,belen_titan_04_2026-03-20_163711.jpg,train,yes,D:\SUBASTA\minera-belen\iakol_minera_belen_titan_alma_peru\capture_rumas\2026-03-20\belen_titan_04_2026-03-20_163711.jpg
OnfOce0wQyrKgrR2CXq2,belen_titan_05_2026-03-20_143716.jpg,train,yes,D:\SUBASTA\minera-belen\iakol_minera_belen_titan_alma_peru\capture_rumas\2026-03-20\belen_titan_05_2026-03-20_143716.jpg
PhoVOL7Wnq41srDYsx5w,belen_titan_04_2026-03-20_155711.jpg,train,yes,D:\SUBASTA\minera-belen\iakol_minera_belen_titan_alma_peru\capture_rumas\2026-03-20\belen_titan_04_2026-03-20_155711.jpg
QhD8efnFVpYxmkv0oXYS,belen_titan_05_2026-03-20_121717.jpg,valid,yes,D:\SUBASTA\minera-belen\iakol_minera_belen_titan_alma_peru\capture_rumas\2026-03-20\belen_titan_05_2026-03-20_121717.jpg
ei47p0vam0owdtI0hKud,belen_titan_04_2026-03-20_151711.jpg,train,yes,D:\SUBASTA\minera-belen\iakol_minera_belen_titan_alma_peru\capture_rumas\2026-03-20\belen_titan_04_2026-03-20_151711.jpg
iYielXMPDT56Et2zDkNa,belen_titan_04_2026-03-20_143711.jpg,train,yes,D:\SUBASTA\minera-belen\iakol_minera_belen_titan_alma_peru\capture_rumas\2026-03-20\belen_titan_04_2026-03-20_143711.jpg
qjColQCdxgSg7b4efs1J,belen_titan_04_2026-03-20_173712.jpg,train,yes,D:\SUBASTA\minera-belen\iakol_minera_belen_titan_alma_peru\capture_rumas\2026-03-20\belen_titan_04_2026-03-20_173712.jpg
sA472zXVJJXnc0q0g0mw,belen_titan_05_2026-03-20_173717.jpg,train,yes,D:\SUBASTA\minera-belen\iakol_minera_belen_titan_alma_peru\capture_rumas\2026-03-20\belen_titan_05_2026-03-20_173717.jpg
YVr39ILf9Ed2MutqS576,belen_titan_04_2026-03-20_193712.jpg,train,yes,D:\SUBASTA\minera-belen\iakol_minera_belen_titan_alma_peru\capture_rumas\2026-03-20\belen_titan_04_2026-03-20_193712.jpg
RaRhouwrygQieV2Z2ZW1,belen_titan_04_2026-03-20_191710.jpg,train,yes,D:\SUBASTA\minera-belen\iakol_minera_belen_titan_alma_peru\capture_rumas\2026-03-20\belen_titan_04_2026-03-20_191710.jpg
VCjmBg90IwwqV1bYarQK,belen_titan_04_2026-03-20_195342.jpg,train,yes,D:\SUBASTA\minera-belen\iakol_minera_belen_titan_alma_peru\capture_rumas\2026-03-20\belen_titan_04_2026-03-20_195342.jpg
GmYPxrLgtMtRUAGobxMq,belen_titan_08_2026-03-19_090952.jpg,valid,yes,D:\SUBASTA\minera-belen\iakol_minera_belen_titan_alma_peru\capture_rumas\2026-03-19\belen_titan_08_2026-03-19_090952.jpg
wqI0IcjasZdezmGAc4XU,belen_titan_07_2026-03-19_162659.jpg,valid,yes,D:\SUBASTA\minera-belen\iakol_minera_belen_titan_alma_peru\capture_rumas\2026-03-19\belen_titan_07_2026-03-19_162659.jpg
6B7quNWQBcq9OUioWRjY,belen_titan_08_2026-03-19_085000.jpg,valid,yes,D:\SUBASTA\minera-belen\iakol_minera_belen_titan_alma_peru\capture_rumas\2026-03-19\belen_titan_08_2026-03-19_085000.jpg
B28YCPyuyzCfWE7KT6TK,belen_titan_07_2026-03-19_164702.jpg,train,yes,D:\SUBASTA\minera-belen\iakol_minera_belen_titan_alma_peru\capture_rumas\2026-03-19\belen_titan_07_2026-03-19_164702.jpg
CqUBr63IbF6DknfFHArN,belen_titan_08_2026-03-19_094122.jpg,valid,yes,D:\SUBASTA\minera-belen\iakol_minera_belen_titan_alma_peru\capture_rumas\2026-03-19\belen_titan_08_2026-03-19_094122.jpg
KAcBZpWPtWiZTP6CW2qk,belen_titan_07_2026-03-19_172701.jpg,train,yes,D:\SUBASTA\minera-belen\iakol_minera_belen_titan_alma_peru\capture_rumas\2026-03-19\belen_titan_07_2026-03-19_172701.jpg
OAD8XWfKGE6sN91wOR0b,belen_titan_07_2026-03-19_160702.jpg,train,yes,D:\SUBASTA\minera-belen\iakol_minera_belen_titan_alma_peru\capture_rumas\2026-03-19\belen_titan_07_2026-03-19_160702.jpg
grIWBp1QhLa68C2gjNyA,belen_titan_07_2026-03-19_150702.jpg,train,yes,D:\SUBASTA\minera-belen\iakol_minera_belen_titan_alma_peru\capture_rumas\2026-03-19\belen_titan_07_2026-03-19_150702.jpg
o1ZXKAMCzRe9ETUWSkgp,belen_titan_07_2026-03-19_154659.jpg,train,yes,D:\SUBASTA\minera-belen\iakol_minera_belen_titan_alma_peru\capture_rumas\2026-03-19\belen_titan_07_2026-03-19_154659.jpg
rAfWAVNHBfIhKve3UngZ,belen_titan_08_2026-03-19_110713.jpg,train,yes,D:\SUBASTA\minera-belen\iakol_minera_belen_titan_alma_peru\capture_rumas\2026-03-19\belen_titan_08_2026-03-19_110713.jpg
t7bT3i1XSJZEzh2EmKHS,belen_titan_07_2026-03-19_144702.jpg,train,yes,D:\SUBASTA\minera-belen\iakol_minera_belen_titan_alma_peru\capture_rumas\2026-03-19\belen_titan_07_2026-03-19_144702.jpg
tSzuGIHX6eF5cFYO97XW,belen_titan_08_2026-03-19_132703.jpg,valid,yes,D:\SUBASTA\minera-belen\iakol_minera_belen_titan_alma_peru\capture_rumas\2026-03-19\belen_titan_08_2026-03-19_132703.jpg
8kTWcd04VEQ20Hwna58d,belen_titan_07_2026-03-19_142702.jpg,train,yes,D:\SUBASTA\minera-belen\iakol_minera_belen_titan_alma_peru\capture_rumas\2026-03-19\belen_titan_07_2026-03-19_142702.jpg
C58wvxj5rkMuz2vCG8gr,belen_titan_08_2026-03-19_090500.jpg,valid,yes,D:\SUBASTA\minera-belen\iakol_minera_belen_titan_alma_peru\capture_rumas\2026-03-19\belen_titan_08_2026-03-19_090500.jpg
EsgvRwn0h3r03B2YclZi,belen_titan_08_2026-03-19_140720.jpg,train,yes,D:\SUBASTA\minera-belen\iakol_minera_belen_titan_alma_peru\capture_rumas\2026-03-19\belen_titan_08_2026-03-19_140720.jpg
GFkko6aT4DT1A1ne0hoW,belen_titan_08_2026-03-19_114713.jpg,train,yes,D:\SUBASTA\minera-belen\iakol_minera_belen_titan_alma_peru\capture_rumas\2026-03-19\belen_titan_08_2026-03-19_114713.jpg
M3ZMOKe5lv4gDwiFrkj2,belen_titan_07_2026-03-19_122658.jpg,train,yes,D:\SUBASTA\minera-belen\iakol_minera_belen_titan_alma_peru\capture_rumas\2026-03-19\belen_titan_07_2026-03-19_122658.jpg
MHjBDcFKzAp3TQwylqLI,belen_titan_08_2026-03-19_084638.jpg,train,yes,D:\SUBASTA\minera-belen\iakol_minera_belen_titan_alma_peru\capture_rumas\2026-03-19\belen_titan_08_2026-03-19_084638.jpg
MnvHJZoK9tEnHBFEYEVk,belen_titan_07_2026-03-19_174659.jpg,valid,yes,D:\SUBASTA\minera-belen\iakol_minera_belen_titan_alma_peru\capture_rumas\2026-03-19\belen_titan_07_2026-03-19_174659.jpg
TbUClyZTtSYhoQ7oz8VO,belen_titan_07_2026-03-19_170702.jpg,train,yes,D:\SUBASTA\minera-belen\iakol_minera_belen_titan_alma_peru\capture_rumas\2026-03-19\belen_titan_07_2026-03-19_170702.jpg
VbqB9cUpgB00CZo7nr27,belen_titan_08_2026-03-19_100707.jpg,train,yes,D:\SUBASTA\minera-belen\iakol_minera_belen_titan_alma_peru\capture_rumas\2026-03-19\belen_titan_08_2026-03-19_100707.jpg
bWjRuOmlpaCy2BFWxPGI,belen_titan_07_2026-03-19_180701.jpg,train,yes,D:\SUBASTA\minera-belen\iakol_minera_belen_titan_alma_peru\capture_rumas\2026-03-19\belen_titan_07_2026-03-19_180701.jpg
f3UVEqxbRje5wLixx2fM,belen_titan_07_2026-03-19_112701.jpg,train,yes,D:\SUBASTA\minera-belen\iakol_minera_belen_titan_alma_peru\capture_rumas\2026-03-19\belen_titan_07_2026-03-19_112701.jpg
mPyqm1fx84aWDAdlm63B,belen_titan_08_2026-03-19_120703.jpg,train,yes,D:\SUBASTA\minera-belen\iakol_minera_belen_titan_alma_peru\capture_rumas\2026-03-19\belen_titan_08_2026-03-19_120703.jpg
uH6lwrZ2OLj5GqL7On7s,belen_titan_08_2026-03-19_134705.jpg,valid,yes,D:\SUBASTA\minera-belen\iakol_minera_belen_titan_alma_peru\capture_rumas\2026-03-19\belen_titan_08_2026-03-19_134705.jpg
6UHvPtFzb8diO5wpOqzH,belen_titan_07_2026-03-19_104710.jpg,valid,yes,D:\SUBASTA\minera-belen\iakol_minera_belen_titan_alma_peru\capture_rumas\2026-03-19\belen_titan_07_2026-03-19_104710.jpg
7dr09H2QfSop5ADvauop,belen_titan_07_2026-03-19_152658.jpg,train,yes,D:\SUBASTA\minera-belen\iakol_minera_belen_titan_alma_peru\capture_rumas\2026-03-19\belen_titan_07_2026-03-19_152658.jpg
9z1AKf5xuKE5MeKv9Rry,belen_titan_07_2026-03-19_114705.jpg,train,yes,D:\SUBASTA\minera-belen\iakol_minera_belen_titan_alma_peru\capture_rumas\2026-03-19\belen_titan_07_2026-03-19_114705.jpg
Ajf30zEgUnt67G1OKht8,belen_titan_08_2026-03-19_112706.jpg,train,yes,D:\SUBASTA\minera-belen\iakol_minera_belen_titan_alma_peru\capture_rumas\2026-03-19\belen_titan_08_2026-03-19_112706.jpg
IfQc6MDxKoMGA4ZGPaRj,belen_titan_07_2026-03-19_110707.jpg,train,yes,D:\SUBASTA\minera-belen\iakol_minera_belen_titan_alma_peru\capture_rumas\2026-03-19\belen_titan_07_2026-03-19_110707.jpg
TiFXK8wU0Spn2j2yaspE,belen_titan_08_2026-03-19_100335.jpg,train,yes,D:\SUBASTA\minera-belen\iakol_minera_belen_titan_alma_peru\capture_rumas\2026-03-19\belen_titan_08_2026-03-19_100335.jpg
UaXKbybf3P2mVxq4inU3,belen_titan_08_2026-03-19_104716.jpg,train,yes,D:\SUBASTA\minera-belen\iakol_minera_belen_titan_alma_peru\capture_rumas\2026-03-19\belen_titan_08_2026-03-19_104716.jpg
W2KKk8L3Do5fRFecAqIh,belen_titan_07_2026-03-19_120658.jpg,valid,yes,D:\SUBASTA\minera-belen\iakol_minera_belen_titan_alma_peru\capture_rumas\2026-03-19\belen_titan_07_2026-03-19_120658.jpg
e5QqH0x9UYqIasFI01r9,belen_titan_07_2026-03-19_124701.jpg,train,yes,D:\SUBASTA\minera-belen\iakol_minera_belen_titan_alma_peru\capture_rumas\2026-03-19\belen_titan_07_2026-03-19_124701.jpg
e7gs0FQUBoxa90f0XYiU,belen_titan_07_2026-03-19_130700.jpg,train,yes,D:\SUBASTA\minera-belen\iakol_minera_belen_titan_alma_peru\capture_rumas\2026-03-19\belen_titan_07_2026-03-19_130700.jpg
ekseWZ2OuEbSWGVuK8pW,belen_titan_08_2026-03-19_124706.jpg,train,yes,D:\SUBASTA\minera-belen\iakol_minera_belen_titan_alma_peru\capture_rumas\2026-03-19\belen_titan_08_2026-03-19_124706.jpg
jUmSTSLh3616C921Lkna,belen_titan_07_2026-03-19_140715.jpg,train,yes,D:\SUBASTA\minera-belen\iakol_minera_belen_titan_alma_peru\capture_rumas\2026-03-19\belen_titan_07_2026-03-19_140715.jpg
uEaxuKuJhZuNAHHjXHoF,belen_titan_08_2026-03-19_130704.jpg,train,yes,D:\SUBASTA\minera-belen\iakol_minera_belen_titan_alma_peru\capture_rumas\2026-03-19\belen_titan_08_2026-03-19_130704.jpg
4nzdVD3UBkrmmzxuVV8n,belen_titan_07_2026-03-19_204658.jpg,train,yes,D:\SUBASTA\minera-belen\iakol_minera_belen_titan_alma_peru\capture_rumas\2026-03-19\belen_titan_07_2026-03-19_204658.jpg
KTZb3no4klXhLhyvl3k2,belen_titan_08_2026-03-19_102706.jpg,train,yes,D:\SUBASTA\minera-belen\iakol_minera_belen_titan_alma_peru\capture_rumas\2026-03-19\belen_titan_08_2026-03-19_102706.jpg
Ns4DOcl0z2jAOth3XHQA,belen_titan_07_2026-03-19_182702.jpg,train,yes,D:\SUBASTA\minera-belen\iakol_minera_belen_titan_alma_peru\capture_rumas\2026-03-19\belen_titan_07_2026-03-19_182702.jpg
c5DezW8WdfVLGZn5OI4R,belen_titan_08_2026-03-19_122703.jpg,train,yes,D:\SUBASTA\minera-belen\iakol_minera_belen_titan_alma_peru\capture_rumas\2026-03-19\belen_titan_08_2026-03-19_122703.jpg
zgIdSDFVRC26AvYnrK8H,belen_titan_07_2026-03-19_202659.jpg,valid,yes,D:\SUBASTA\minera-belen\iakol_minera_belen_titan_alma_peru\capture_rumas\2026-03-19\belen_titan_07_2026-03-19_202659.jpg
HCYDXbWsy7lfmzs2Bop7,belen_titan_07_2026-03-19_184700.jpg,train,yes,D:\SUBASTA\minera-belen\iakol_minera_belen_titan_alma_peru\capture_rumas\2026-03-19\belen_titan_07_2026-03-19_184700.jpg
gEo3oHBL8QON2uU7woxf,belen_titan_07_2026-03-19_132658.jpg,train,yes,D:\SUBASTA\minera-belen\iakol_minera_belen_titan_alma_peru\capture_rumas\2026-03-19\belen_titan_07_2026-03-19_132658.jpg
jtjvkjtiXgF7U7eaISdr,belen_titan_07_2026-03-19_200700.jpg,train,yes,D:\SUBASTA\minera-belen\iakol_minera_belen_titan_alma_peru\capture_rumas\2026-03-19\belen_titan_07_2026-03-19_200700.jpg
kc5lDi8GABl7p4aPqzCb,belen_titan_07_2026-03-19_192700.jpg,train,yes,D:\SUBASTA\minera-belen\iakol_minera_belen_titan_alma_peru\capture_rumas\2026-03-19\belen_titan_07_2026-03-19_192700.jpg
mG3b1Q8faG9QN2RAifJp,belen_titan_07_2026-03-19_134700.jpg,train,yes,D:\SUBASTA\minera-belen\iakol_minera_belen_titan_alma_peru\capture_rumas\2026-03-19\belen_titan_07_2026-03-19_134700.jpg
9AJ3x9qDCj83CMQZiXdm,belen_titan_07_2026-03-19_194658.jpg,valid,yes,D:\SUBASTA\minera-belen\iakol_minera_belen_titan_alma_peru\capture_rumas\2026-03-19\belen_titan_07_2026-03-19_194658.jpg
LTOjacJCr7rxx6GME62n,belen_titan_07_2026-03-19_190701.jpg,train,yes,D:\SUBASTA\minera-belen\iakol_minera_belen_titan_alma_peru\capture_rumas\2026-03-19\belen_titan_07_2026-03-19_190701.jpg
lgkytJF7hHXwK56IeFlm,belen_titan_04_2026-03-19_144646.jpg,valid,yes,D:\SUBASTA\minera-belen\iakol_minera_belen_titan_alma_peru\capture_rumas\2026-03-19\belen_titan_04_2026-03-19_144646.jpg
3CMxaLVxypN1bA9rcFVt,belen_titan_04_2026-03-19_132643.jpg,train,yes,D:\SUBASTA\minera-belen\iakol_minera_belen_titan_alma_peru\capture_rumas\2026-03-19\belen_titan_04_2026-03-19_132643.jpg
0cS7mmo63ukv4Qgpx5Ao,belen_titan_03_2026-03-19_174640.jpg,train,yes,D:\SUBASTA\minera-belen\iakol_minera_belen_titan_alma_peru\capture_rumas\2026-03-19\belen_titan_03_2026-03-19_174640.jpg
7MPvPNvEUaktgR6q4fWK,belen_titan_03_2026-03-19_132639.jpg,train,yes,D:\SUBASTA\minera-belen\iakol_minera_belen_titan_alma_peru\capture_rumas\2026-03-19\belen_titan_03_2026-03-19_132639.jpg
EUaDFQXFK2IsPES6kgv8,belen_titan_04_2026-03-19_134646.jpg,train,yes,D:\SUBASTA\minera-belen\iakol_minera_belen_titan_alma_peru\capture_rumas\2026-03-19\belen_titan_04_2026-03-19_134646.jpg
GvLa3l8RLrgjwktVsNgA,belen_titan_03_2026-03-19_152640.jpg,train,yes,D:\SUBASTA\minera-belen\iakol_minera_belen_titan_alma_peru\capture_rumas\2026-03-19\belen_titan_03_2026-03-19_152640.jpg
MXbfD1IaohgpD8bAyz4v,belen_titan_04_2026-03-19_124645.jpg,train,yes,D:\SUBASTA\minera-belen\iakol_minera_belen_titan_alma_peru\capture_rumas\2026-03-19\belen_titan_04_2026-03-19_124645.jpg
W9WagJrrMjv53VoiKwEG,belen_titan_03_2026-03-19_134640.jpg,train,yes,D:\SUBASTA\minera-belen\iakol_minera_belen_titan_alma_peru\capture_rumas\2026-03-19\belen_titan_03_2026-03-19_134640.jpg
YT6RmTUWS1n7trunP2vy,belen_titan_03_2026-03-19_114640.jpg,train,yes,D:\SUBASTA\minera-belen\iakol_minera_belen_titan_alma_peru\capture_rumas\2026-03-19\belen_titan_03_2026-03-19_114640.jpg
dorJFG0esZs02dzCrkvt,belen_titan_04_2026-03-19_102645.jpg,train,yes,D:\SUBASTA\minera-belen\iakol_minera_belen_titan_alma_peru\capture_rumas\2026-03-19\belen_titan_04_2026-03-19_102645.jpg
hSVlwkRuPvRkreAJULF7,belen_titan_03_2026-03-19_102641.jpg,train,yes,D:\SUBASTA\minera-belen\iakol_minera_belen_titan_alma_peru\capture_rumas\2026-03-19\belen_titan_03_2026-03-19_102641.jpg
jNhG6Wej4udPmmq7j6Fe,belen_titan_04_2026-03-19_140646.jpg,valid,yes,D:\SUBASTA\minera-belen\iakol_minera_belen_titan_alma_peru\capture_rumas\2026-03-19\belen_titan_04_2026-03-19_140646.jpg
znyKO1pvlmK5g1MlqnBT,belen_titan_03_2026-03-19_104644.jpg,valid,yes,D:\SUBASTA\minera-belen\iakol_minera_belen_titan_alma_peru\capture_rumas\2026-03-19\belen_titan_03_2026-03-19_104644.jpg
7gXbzTGBdv1ZEfpY8wwF,belen_titan_03_2026-03-19_164640.jpg,train,yes,D:\SUBASTA\minera-belen\iakol_minera_belen_titan_alma_peru\capture_rumas\2026-03-19\belen_titan_03_2026-03-19_164640.jpg
BuUIyuucS28l6Pbhv8uu,belen_titan_03_2026-03-19_154640.jpg,train,yes,D:\SUBASTA\minera-belen\iakol_minera_belen_titan_alma_peru\capture_rumas\2026-03-19\belen_titan_03_2026-03-19_154640.jpg
C2qLz0WigcMNbWWI29HO,belen_titan_03_2026-03-19_150641.jpg,train,yes,D:\SUBASTA\minera-belen\iakol_minera_belen_titan_alma_peru\capture_rumas\2026-03-19\belen_titan_03_2026-03-19_150641.jpg
DFvJjUN74AYELNfhb9eZ,belen_titan_03_2026-03-19_142644.jpg,train,yes,D:\SUBASTA\minera-belen\iakol_minera_belen_titan_alma_peru\capture_rumas\2026-03-19\belen_titan_03_2026-03-19_142644.jpg
K47o1rERqaluzVz4VyQc,belen_titan_03_2026-03-19_124640.jpg,valid,yes,D:\SUBASTA\minera-belen\iakol_minera_belen_titan_alma_peru\capture_rumas\2026-03-19\belen_titan_03_2026-03-19_124640.jpg
LA8qYf3eVG12WQFsxvLt,belen_titan_03_2026-03-19_110640.jpg,train,yes,D:\SUBASTA\minera-belen\iakol_minera_belen_titan_alma_peru\capture_rumas\2026-03-19\belen_titan_03_2026-03-19_110640.jpg
Ls82o5eKxrbl3tcbhFDC,belen_titan_04_2026-03-19_130644.jpg,valid,yes,D:\SUBASTA\minera-belen\iakol_minera_belen_titan_alma_peru\capture_rumas\2026-03-19\belen_titan_04_2026-03-19_130644.jpg
NPqPQjaWZ69nOAeCf5D9,belen_titan_03_2026-03-19_140641.jpg,train,yes,D:\SUBASTA\minera-belen\iakol_minera_belen_titan_alma_peru\capture_rumas\2026-03-19\belen_titan_03_2026-03-19_140641.jpg
NiyrMfvITdPq5iUwaCmz,belen_titan_04_2026-03-19_120643.jpg,train,yes,D:\SUBASTA\minera-belen\iakol_minera_belen_titan_alma_peru\capture_rumas\2026-03-19\belen_titan_04_2026-03-19_120643.jpg
PA1GWSA02KrloAOe93pv,belen_titan_03_2026-03-19_162639.jpg,train,yes,D:\SUBASTA\minera-belen\iakol_minera_belen_titan_alma_peru\capture_rumas\2026-03-19\belen_titan_03_2026-03-19_162639.jpg
QDAh7t9hfAOzxekC58kl,belen_titan_04_2026-03-19_084523.jpg,train,yes,D:\SUBASTA\minera-belen\iakol_minera_belen_titan_alma_peru\capture_rumas\2026-03-19\belen_titan_04_2026-03-19_084523.jpg
R0XJFyu8Cpqjt7q4J7Pv,belen_titan_04_2026-03-19_100646.jpg,train,yes,D:\SUBASTA\minera-belen\iakol_minera_belen_titan_alma_peru\capture_rumas\2026-03-19\belen_titan_04_2026-03-19_100646.jpg
qaG3QiJIzP3qi5weH5wL,belen_titan_03_2026-03-19_130639.jpg,train,yes,D:\SUBASTA\minera-belen\iakol_minera_belen_titan_alma_peru\capture_rumas\2026-03-19\belen_titan_03_2026-03-19_130639.jpg
xin9n8CT61OAbbHgWAaP,belen_titan_03_2026-03-19_180640.jpg,train,yes,D:\SUBASTA\minera-belen\iakol_minera_belen_titan_alma_peru\capture_rumas\2026-03-19\belen_titan_03_2026-03-19_180640.jpg
xm76yUKM48K4r38plSJM,belen_titan_04_2026-03-19_142647.jpg,valid,yes,D:\SUBASTA\minera-belen\iakol_minera_belen_titan_alma_peru\capture_rumas\2026-03-19\belen_titan_04_2026-03-19_142647.jpg
6rLVaKe54c2N7hMeAvoG,belen_titan_04_2026-03-19_112645.jpg,train,yes,D:\SUBASTA\minera-belen\iakol_minera_belen_titan_alma_peru\capture_rumas\2026-03-19\belen_titan_04_2026-03-19_112645.jpg
8IjfeBvesHHgNETUM18E,belen_titan_04_2026-03-19_094046.jpg,train,yes,D:\SUBASTA\minera-belen\iakol_minera_belen_titan_alma_peru\capture_rumas\2026-03-19\belen_titan_04_2026-03-19_094046.jpg
9gY1qERLqTp9eLtEogCF,belen_titan_04_2026-03-19_122643.jpg,train,yes,D:\SUBASTA\minera-belen\iakol_minera_belen_titan_alma_peru\capture_rumas\2026-03-19\belen_titan_04_2026-03-19_122643.jpg
BKtgs1ioNVuEXQMmfKNU,belen_titan_03_2026-03-19_160641.jpg,valid,yes,D:\SUBASTA\minera-belen\iakol_minera_belen_titan_alma_peru\capture_rumas\2026-03-19\belen_titan_03_2026-03-19_160641.jpg
DpZcB0bhKwbKYpKmqpTd,belen_titan_04_2026-03-19_114645.jpg,train,yes,D:\SUBASTA\minera-belen\iakol_minera_belen_titan_alma_peru\capture_rumas\2026-03-19\belen_titan_04_2026-03-19_114645.jpg
I2DpioxQAWHPlzoPDPbF,belen_titan_03_2026-03-19_144641.jpg,valid,yes,D:\SUBASTA\minera-belen\iakol_minera_belen_titan_alma_peru\capture_rumas\2026-03-19\belen_titan_03_2026-03-19_144641.jpg
M86umk799GwcQtnkdqvk,belen_titan_04_2026-03-19_100313.jpg,train,yes,D:\SUBASTA\minera-belen\iakol_minera_belen_titan_alma_peru\capture_rumas\2026-03-19\belen_titan_04_2026-03-19_100313.jpg
PEwDExOcWqO95xgtGSZL,belen_titan_04_2026-03-19_104649.jpg,train,yes,D:\SUBASTA\minera-belen\iakol_minera_belen_titan_alma_peru\capture_rumas\2026-03-19\belen_titan_04_2026-03-19_104649.jpg
PGXHn0mYI6tcOKKd4bxA,belen_titan_03_2026-03-19_172640.jpg,train,yes,D:\SUBASTA\minera-belen\iakol_minera_belen_titan_alma_peru\capture_rumas\2026-03-19\belen_titan_03_2026-03-19_172640.jpg
WbSZfupnM4Os66ROMHHR,belen_titan_04_2026-03-19_110645.jpg,valid,yes,D:\SUBASTA\minera-belen\iakol_minera_belen_titan_alma_peru\capture_rumas\2026-03-19\belen_titan_04_2026-03-19_110645.jpg
n9T3fkqTXIc9Um3fTkg6,belen_titan_03_2026-03-19_170641.jpg,valid,yes,D:\SUBASTA\minera-belen\iakol_minera_belen_titan_alma_peru\capture_rumas\2026-03-19\belen_titan_03_2026-03-19_170641.jpg
vWXlJm7ddC5qCNJNzJCI,belen_titan_03_2026-03-19_112640.jpg,train,yes,D:\SUBASTA\minera-belen\iakol_minera_belen_titan_alma_peru\capture_rumas\2026-03-19\belen_titan_03_2026-03-19_112640.jpg
3VuCXIITvIQQqUtA6jOo,belen_titan_03_2026-03-19_204639.jpg,train,yes,D:\SUBASTA\minera-belen\iakol_minera_belen_titan_alma_peru\capture_rumas\2026-03-19\belen_titan_03_2026-03-19_204639.jpg
6R7aCx8Dlb5RVOJfoQ0j,belen_titan_03_2026-03-19_120639.jpg,train,yes,D:\SUBASTA\minera-belen\iakol_minera_belen_titan_alma_peru\capture_rumas\2026-03-19\belen_titan_03_2026-03-19_120639.jpg
XkWm5W8e3tB9lGEfkWYT,belen_titan_03_2026-03-19_184640.jpg,train,yes,D:\SUBASTA\minera-belen\iakol_minera_belen_titan_alma_peru\capture_rumas\2026-03-19\belen_titan_03_2026-03-19_184640.jpg
nYcSEBZlhjjXjBKxqtra,belen_titan_03_2026-03-19_182641.jpg,train,yes,D:\SUBASTA\minera-belen\iakol_minera_belen_titan_alma_peru\capture_rumas\2026-03-19\belen_titan_03_2026-03-19_182641.jpg
XfMarV7iJkXJMe7Lol2G,belen_titan_03_2026-03-19_202639.jpg,valid,yes,D:\SUBASTA\minera-belen\iakol_minera_belen_titan_alma_peru\capture_rumas\2026-03-19\belen_titan_03_2026-03-19_202639.jpg
ujygj6p6bZFhXLXaDcMU,belen_titan_03_2026-03-19_200641.jpg,train,yes,D:\SUBASTA\minera-belen\iakol_minera_belen_titan_alma_peru\capture_rumas\2026-03-19\belen_titan_03_2026-03-19_200641.jpg
z4hv5cjQ1LTbPrq8GoyO,belen_titan_03_2026-03-19_190640.jpg,train,yes,D:\SUBASTA\minera-belen\iakol_minera_belen_titan_alma_peru\capture_rumas\2026-03-19\belen_titan_03_2026-03-19_190640.jpg
Bvo18JRhXUQyD6bYRH9M,belen_titan_03_2026-03-19_192641.jpg,valid,yes,D:\SUBASTA\minera-belen\iakol_minera_belen_titan_alma_peru\capture_rumas\2026-03-19\belen_titan_03_2026-03-19_192641.jpg
JVTye2fBkHQsPZSxg6dk,belen_titan_03_2026-03-19_194639.jpg,train,yes,D:\SUBASTA\minera-belen\iakol_minera_belen_titan_alma_peru\capture_rumas\2026-03-19\belen_titan_03_2026-03-19_194639.jpg
OLp3qO23REBCgpAZjX0a,belen_titan_03_2026-03-19_122639.jpg,train,yes,D:\SUBASTA\minera-belen\iakol_minera_belen_titan_alma_peru\capture_rumas\2026-03-19\belen_titan_03_2026-03-19_122639.jpg
2AbJ9gjlDeRbs93fKwZZ,belen_titan_04_2026-03-17_161354.jpg,valid,yes,D:\SUBASTA\minera-belen\iakol_minera_belen_titan_alma_peru\capture_rumas\2026-03-17\belen_titan_04_2026-03-17_161354.jpg
FITB94KXSbHcgJ6eJ4Xj,belen_titan_04_2026-03-17_174356.jpg,train,yes,D:\SUBASTA\minera-belen\iakol_minera_belen_titan_alma_peru\capture_rumas\2026-03-17\belen_titan_04_2026-03-17_174356.jpg
kycYke1EbWvh46vNjGgK,belen_titan_04_2026-03-17_162856.jpg,valid,yes,D:\SUBASTA\minera-belen\iakol_minera_belen_titan_alma_peru\capture_rumas\2026-03-17\belen_titan_04_2026-03-17_162856.jpg
laPk4miZlD0xjyC8Bcf5,belen_titan_03_2026-03-17_185159.jpg,train,yes,D:\SUBASTA\minera-belen\iakol_minera_belen_titan_alma_peru\capture_rumas\2026-03-17\belen_titan_03_2026-03-17_185159.jpg
ty5uncP8XZ4TshEe4HeR,belen_titan_04_2026-03-17_171354.jpg,train,yes,D:\SUBASTA\minera-belen\iakol_minera_belen_titan_alma_peru\capture_rumas\2026-03-17\belen_titan_04_2026-03-17_171354.jpg
5WVbfbwLetHmJB9nO8Gl,belen_titan_04_2026-03-17_164356.jpg,train,yes,D:\SUBASTA\minera-belen\iakol_minera_belen_titan_alma_peru\capture_rumas\2026-03-17\belen_titan_04_2026-03-17_164356.jpg
7cZ530NMr78GQjD3CuaV,belen_titan_03_2026-03-17_204203.jpg,valid,yes,D:\SUBASTA\minera-belen\iakol_minera_belen_titan_alma_peru\capture_rumas\2026-03-17\belen_titan_03_2026-03-17_204203.jpg
BM07odnbNWYzBygqLeTm,belen_titan_04_2026-03-17_165854.jpg,train,yes,D:\SUBASTA\minera-belen\iakol_minera_belen_titan_alma_peru\capture_rumas\2026-03-17\belen_titan_04_2026-03-17_165854.jpg
Ytjet3wUJLzHWaQzBwpZ,belen_titan_03_2026-03-17_201203.jpg,train,yes,D:\SUBASTA\minera-belen\iakol_minera_belen_titan_alma_peru\capture_rumas\2026-03-17\belen_titan_03_2026-03-17_201203.jpg
oxLblraBUrrmeq4NLJNw,belen_titan_04_2026-03-17_175855.jpg,train,yes,D:\SUBASTA\minera-belen\iakol_minera_belen_titan_alma_peru\capture_rumas\2026-03-17\belen_titan_04_2026-03-17_175855.jpg
qjQ8WJErU06tTBWx158o,belen_titan_04_2026-03-17_182606.jpg,train,yes,D:\SUBASTA\minera-belen\iakol_minera_belen_titan_alma_peru\capture_rumas\2026-03-17\belen_titan_04_2026-03-17_182606.jpg
01OBUOBtvGjh1xxSneG6,belen_titan_03_2026-03-17_205703.jpg,train,yes,D:\SUBASTA\minera-belen\iakol_minera_belen_titan_alma_peru\capture_rumas\2026-03-17\belen_titan_03_2026-03-17_205703.jpg
0XXaSpiNEpf0yxcT5F2e,belen_titan_04_2026-03-17_182805.jpg,train,yes,D:\SUBASTA\minera-belen\iakol_minera_belen_titan_alma_peru\capture_rumas\2026-03-17\belen_titan_04_2026-03-17_182805.jpg
4dKzKZ5lAd7pVqG6exOG,belen_titan_04_2026-03-17_183204.jpg,train,yes,D:\SUBASTA\minera-belen\iakol_minera_belen_titan_alma_peru\capture_rumas\2026-03-17\belen_titan_04_2026-03-17_183204.jpg
9Nw70lVxH7ACm0rszeZC,belen_titan_03_2026-03-17_195705.jpg,train,yes,D:\SUBASTA\minera-belen\iakol_minera_belen_titan_alma_peru\capture_rumas\2026-03-17\belen_titan_03_2026-03-17_195705.jpg
ALMRKHR0OVSx3yjyceP2,belen_titan_03_2026-03-17_184359.jpg,valid,yes,D:\SUBASTA\minera-belen\iakol_minera_belen_titan_alma_peru\capture_rumas\2026-03-17\belen_titan_03_2026-03-17_184359.jpg
DQgXAdc296iKiGm2tAbn,belen_titan_03_2026-03-17_185359.jpg,valid,yes,D:\SUBASTA\minera-belen\iakol_minera_belen_titan_alma_peru\capture_rumas\2026-03-17\belen_titan_03_2026-03-17_185359.jpg
DfkfGOIoBrMzxhm7RQWa,belen_titan_03_2026-03-17_191203.jpg,train,yes,D:\SUBASTA\minera-belen\iakol_minera_belen_titan_alma_peru\capture_rumas\2026-03-17\belen_titan_03_2026-03-17_191203.jpg
RdLVbBA0jNxW8nqW8saq,belen_titan_03_2026-03-17_194204.jpg,valid,yes,D:\SUBASTA\minera-belen\iakol_minera_belen_titan_alma_peru\capture_rumas\2026-03-17\belen_titan_03_2026-03-17_194204.jpg
jfH64ynxr2kRNGfHqcrz,belen_titan_04_2026-03-17_184003.jpg,train,yes,D:\SUBASTA\minera-belen\iakol_minera_belen_titan_alma_peru\capture_rumas\2026-03-17\belen_titan_04_2026-03-17_184003.jpg
oNN1mPXJn4Zw0NUljUQn,belen_titan_03_2026-03-17_212703.jpg,train,yes,D:\SUBASTA\minera-belen\iakol_minera_belen_titan_alma_peru\capture_rumas\2026-03-17\belen_titan_03_2026-03-17_212703.jpg
qoxBoO9qRACgnmfMzVsa,belen_titan_04_2026-03-17_172854.jpg,train,yes,D:\SUBASTA\minera-belen\iakol_minera_belen_titan_alma_peru\capture_rumas\2026-03-17\belen_titan_04_2026-03-17_172854.jpg
0xTGiEB3TtBjQQZradga,belen_titan_03_2026-03-17_184000.jpg,valid,yes,D:\SUBASTA\minera-belen\iakol_minera_belen_titan_alma_peru\capture_rumas\2026-03-17\belen_titan_03_2026-03-17_184000.jpg
0zCWAzwRPGTYLUhvRF6u,belen_titan_03_2026-03-17_211203.jpg,valid,yes,D:\SUBASTA\minera-belen\iakol_minera_belen_titan_alma_peru\capture_rumas\2026-03-17\belen_titan_03_2026-03-17_211203.jpg
77E2SFgM8opjRnfZc2I1,belen_titan_03_2026-03-17_184959.jpg,train,yes,D:\SUBASTA\minera-belen\iakol_minera_belen_titan_alma_peru\capture_rumas\2026-03-17\belen_titan_03_2026-03-17_184959.jpg
BpI8wghas3W1YD25WG2i,belen_titan_03_2026-03-17_184159.jpg,train,yes,D:\SUBASTA\minera-belen\iakol_minera_belen_titan_alma_peru\capture_rumas\2026-03-17\belen_titan_03_2026-03-17_184159.jpg
BprLOcwb1XNfRfoBv1hA,belen_titan_04_2026-03-17_184403.jpg,train,yes,D:\SUBASTA\minera-belen\iakol_minera_belen_titan_alma_peru\capture_rumas\2026-03-17\belen_titan_04_2026-03-17_184403.jpg
JRwlAE3HGmXb8doWoemV,belen_titan_03_2026-03-17_185705.jpg,valid,yes,D:\SUBASTA\minera-belen\iakol_minera_belen_titan_alma_peru\capture_rumas\2026-03-17\belen_titan_03_2026-03-17_185705.jpg
KYCWe2V3BO0shasMZ8EW,belen_titan_03_2026-03-17_184559.jpg,valid,yes,D:\SUBASTA\minera-belen\iakol_minera_belen_titan_alma_peru\capture_rumas\2026-03-17\belen_titan_03_2026-03-17_184559.jpg
O8s9y4eHVKEQM9h7RAZp,belen_titan_03_2026-03-17_184759.jpg,train,yes,D:\SUBASTA\minera-belen\iakol_minera_belen_titan_alma_peru\capture_rumas\2026-03-17\belen_titan_03_2026-03-17_184759.jpg
OgRgVdEwV0nmRjGaQjBv,belen_titan_04_2026-03-17_185004.jpg,train,yes,D:\SUBASTA\minera-belen\iakol_minera_belen_titan_alma_peru\capture_rumas\2026-03-17\belen_titan_04_2026-03-17_185004.jpg
SyZ7IXVo6FTAcnb1msdV,belen_titan_04_2026-03-17_191207.jpg,train,yes,D:\SUBASTA\minera-belen\iakol_minera_belen_titan_alma_peru\capture_rumas\2026-03-17\belen_titan_04_2026-03-17_191207.jpg
YNwajBSia5U2C26ItPxl,belen_titan_03_2026-03-17_192705.jpg,train,yes,D:\SUBASTA\minera-belen\iakol_minera_belen_titan_alma_peru\capture_rumas\2026-03-17\belen_titan_03_2026-03-17_192705.jpg
ZDNDC7hQ2B4sZOjMgYR8,belen_titan_04_2026-03-17_183406.jpg,valid,yes,D:\SUBASTA\minera-belen\iakol_minera_belen_titan_alma_peru\capture_rumas\2026-03-17\belen_titan_04_2026-03-17_183406.jpg
jc001cT2GLQ6NRItpePC,belen_titan_04_2026-03-17_183005.jpg,train,yes,D:\SUBASTA\minera-belen\iakol_minera_belen_titan_alma_peru\capture_rumas\2026-03-17\belen_titan_04_2026-03-17_183005.jpg
tH5E365qo20dcgQoDEZm,belen_titan_04_2026-03-17_185203.jpg,train,yes,D:\SUBASTA\minera-belen\iakol_minera_belen_titan_alma_peru\capture_rumas\2026-03-17\belen_titan_04_2026-03-17_185203.jpg
39ed4qrUkM8gPDOlSNsN,belen_titan_04_2026-03-17_192709.jpg,train,yes,D:\SUBASTA\minera-belen\iakol_minera_belen_titan_alma_peru\capture_rumas\2026-03-17\belen_titan_04_2026-03-17_192709.jpg
5MmNldZ3u9OJLR4wrTX0,belen_titan_04_2026-03-17_184804.jpg,train,yes,D:\SUBASTA\minera-belen\iakol_minera_belen_titan_alma_peru\capture_rumas\2026-03-17\belen_titan_04_2026-03-17_184804.jpg
C4hyoHav6b9hG0dq1dzR,belen_titan_04_2026-03-17_183603.jpg,train,yes,D:\SUBASTA\minera-belen\iakol_minera_belen_titan_alma_peru\capture_rumas\2026-03-17\belen_titan_04_2026-03-17_183603.jpg
KwLhtENMH4i35ik5BDhL,belen_titan_04_2026-03-17_185404.jpg,train,yes,D:\SUBASTA\minera-belen\iakol_minera_belen_titan_alma_peru\capture_rumas\2026-03-17\belen_titan_04_2026-03-17_185404.jpg
QoumVwA7wAEC7qxnw4rg,belen_titan_04_2026-03-17_184604.jpg,train,yes,D:\SUBASTA\minera-belen\iakol_minera_belen_titan_alma_peru\capture_rumas\2026-03-17\belen_titan_04_2026-03-17_184604.jpg
XK48K2untTgyfp2urlE8,belen_titan_04_2026-03-17_184203.jpg,train,yes,D:\SUBASTA\minera-belen\iakol_minera_belen_titan_alma_peru\capture_rumas\2026-03-17\belen_titan_04_2026-03-17_184203.jpg
ZDFd6RmsdisLi76WRdi7,belen_titan_04_2026-03-17_204208.jpg,train,yes,D:\SUBASTA\minera-belen\iakol_minera_belen_titan_alma_peru\capture_rumas\2026-03-17\belen_titan_04_2026-03-17_204208.jpg
erZbnxF5Q3RJFuzhtDWV,belen_titan_04_2026-03-17_183804.jpg,train,yes,D:\SUBASTA\minera-belen\iakol_minera_belen_titan_alma_peru\capture_rumas\2026-03-17\belen_titan_04_2026-03-17_183804.jpg
l7nJH5XzKwb9nzLJNtvW,belen_titan_04_2026-03-17_185709.jpg,valid,yes,D:\SUBASTA\minera-belen\iakol_minera_belen_titan_alma_peru\capture_rumas\2026-03-17\belen_titan_04_2026-03-17_185709.jpg
up0I2v0f165H0QFyqTNw,belen_titan_03_2026-03-17_202704.jpg,train,yes,D:\SUBASTA\minera-belen\iakol_minera_belen_titan_alma_peru\capture_rumas\2026-03-17\belen_titan_03_2026-03-17_202704.jpg
BI3ITAnIGv9Vqv8f50lc,belen_titan_04_2026-03-17_202710.jpg,train,yes,D:\SUBASTA\minera-belen\iakol_minera_belen_titan_alma_peru\capture_rumas\2026-03-17\belen_titan_04_2026-03-17_202710.jpg
IdokNgBT4jLthk1YYKNb,belen_titan_04_2026-03-17_201208.jpg,train,yes,D:\SUBASTA\minera-belen\iakol_minera_belen_titan_alma_peru\capture_rumas\2026-03-17\belen_titan_04_2026-03-17_201208.jpg
NACLs2VSxHUzYd6mPYOU,belen_titan_04_2026-03-17_195709.jpg,train,yes,D:\SUBASTA\minera-belen\iakol_minera_belen_titan_alma_peru\capture_rumas\2026-03-17\belen_titan_04_2026-03-17_195709.jpg
XzslxOFkBgBlKKaOg6YH,belen_titan_04_2026-03-17_194209.jpg,train,yes,D:\SUBASTA\minera-belen\iakol_minera_belen_titan_alma_peru\capture_rumas\2026-03-17\belen_titan_04_2026-03-17_194209.jpg
OvojFemgMYTLObyDfFxT,belen_titan_03_2026-03-17_171350.jpg,train,yes,D:\SUBASTA\minera-belen\iakol_minera_belen_titan_alma_peru\capture_rumas\2026-03-17\belen_titan_03_2026-03-17_171350.jpg
CSiepAib7uze8t8qSzRU,belen_titan_03_2026-03-17_172850.jpg,train,yes,D:\SUBASTA\minera-belen\iakol_minera_belen_titan_alma_peru\capture_rumas\2026-03-17\belen_titan_03_2026-03-17_172850.jpg
fsv5pqeTlLiGEdUVqQwR,belen_titan_03_2026-03-17_175851.jpg,train,yes,D:\SUBASTA\minera-belen\iakol_minera_belen_titan_alma_peru\capture_rumas\2026-03-17\belen_titan_03_2026-03-17_175851.jpg
pwLEm1KxLHaklO2IrcW7,belen_titan_03_2026-03-17_174351.jpg,valid,yes,D:\SUBASTA\minera-belen\iakol_minera_belen_titan_alma_peru\capture_rumas\2026-03-17\belen_titan_03_2026-03-17_174351.jpg
ve1d6k5g5RjvNoMOS5Jt,belen_titan_03_2026-03-17_162851.jpg,train,yes,D:\SUBASTA\minera-belen\iakol_minera_belen_titan_alma_peru\capture_rumas\2026-03-17\belen_titan_03_2026-03-17_162851.jpg
YIwLDlL2PkQaFL4Eigdp,belen_titan_03_2026-03-17_161350.jpg,train,yes,D:\SUBASTA\minera-belen\iakol_minera_belen_titan_alma_peru\capture_rumas\2026-03-17\belen_titan_03_2026-03-17_161350.jpg
lO44zm1ajKte7yKN80dv,belen_titan_03_2026-03-17_164351.jpg,valid,yes,D:\SUBASTA\minera-belen\iakol_minera_belen_titan_alma_peru\capture_rumas\2026-03-17\belen_titan_03_2026-03-17_164351.jpg
p2aF6SxQnYvISJndhgrt,belen_titan_03_2026-03-17_165850.jpg,valid,yes,D:\SUBASTA\minera-belen\iakol_minera_belen_titan_alma_peru\capture_rumas\2026-03-17\belen_titan_03_2026-03-17_165850.jpg
3J9NtmWOKFuvf8osoMQR,belen_titan_03_2026-03-17_183200.jpg,train,yes,D:\SUBASTA\minera-belen\iakol_minera_belen_titan_alma_peru\capture_rumas\2026-03-17\belen_titan_03_2026-03-17_183200.jpg
85cQ76AtNoHARqGzjSE1,belen_titan_03_2026-03-17_183400.jpg,valid,yes,D:\SUBASTA\minera-belen\iakol_minera_belen_titan_alma_peru\capture_rumas\2026-03-17\belen_titan_03_2026-03-17_183400.jpg
e8Z6vVTJN5Bh6iMSLlek,belen_titan_03_2026-03-17_182800.jpg,train,yes,D:\SUBASTA\minera-belen\iakol_minera_belen_titan_alma_peru\capture_rumas\2026-03-17\belen_titan_03_2026-03-17_182800.jpg
nxX0FdLYSVTtr2oVKHYB,belen_titan_03_2026-03-17_182600.jpg,valid,yes,D:\SUBASTA\minera-belen\iakol_minera_belen_titan_alma_peru\capture_rumas\2026-03-17\belen_titan_03_2026-03-17_182600.jpg
oZnGV9Nf78djcpzVnzsK,belen_titan_03_2026-03-17_183559.jpg,train,yes,D:\SUBASTA\minera-belen\iakol_minera_belen_titan_alma_peru\capture_rumas\2026-03-17\belen_titan_03_2026-03-17_183559.jpg
z3i2P3VGARkfxO6QHYA9,belen_titan_03_2026-03-17_183000.jpg,train,yes,D:\SUBASTA\minera-belen\iakol_minera_belen_titan_alma_peru\capture_rumas\2026-03-17\belen_titan_03_2026-03-17_183000.jpg
Kz8VCG3eRU8Uac8djCCj,belen_titan_03_2026-03-17_183759.jpg,valid,yes,D:\SUBASTA\minera-belen\iakol_minera_belen_titan_alma_peru\capture_rumas\2026-03-17\belen_titan_03_2026-03-17_183759.jpg
z5O3s6DJjtJHiEslzafJ,belen_titan_01_2026-03-17_162846.jpg,train,yes,D:\SUBASTA\minera-belen\iakol_minera_belen_titan_alma_peru\capture_rumas\2026-03-17\belen_titan_01_2026-03-17_162846.jpg
