image_name,camera,captured_at,source_path,selected_path,size_bytes
belen_titan_01_2026-03-18_120618.jpg,01,2026-03-18 12:06:18,D:\SUBASTA\minera-belen\iakol_minera_belen_titan_alma_peru\capture_rumas\2026-03-18\belen_titan_01_2026-03-18_120618.jpg,D:\SUBASTA\deteccion-rumas-belen-para-roboflow\seleccion_nuevas_roboflow_100_actual_20260408\selected_images\belen_titan_01_2026-03-18_120618.jpg,346383
belen_titan_03_2026-03-18_120623.jpg,03,2026-03-18 12:06:23,D:\SUBASTA\minera-belen\iakol_minera_belen_titan_alma_peru\capture_rumas\2026-03-18\belen_titan_03_2026-03-18_120623.jpg,D:\SUBASTA\deteccion-rumas-belen-para-roboflow\seleccion_nuevas_roboflow_100_actual_20260408\selected_images\belen_titan_03_2026-03-18_120623.jpg,796000
belen_titan_04_2026-03-18_120628.jpg,04,2026-03-18 12:06:28,D:\SUBASTA\minera-belen\iakol_minera_belen_titan_alma_peru\capture_rumas\2026-03-18\belen_titan_04_2026-03-18_120628.jpg,D:\SUBASTA\deteccion-rumas-belen-para-roboflow\seleccion_nuevas_roboflow_100_actual_20260408\selected_images\belen_titan_04_2026-03-18_120628.jpg,811522
belen_titan_05_2026-03-18_120633.jpg,05,2026-03-18 12:06:33,D:\SUBASTA\minera-belen\iakol_minera_belen_titan_alma_peru\capture_rumas\2026-03-18\belen_titan_05_2026-03-18_120633.jpg,D:\SUBASTA\deteccion-rumas-belen-para-roboflow\seleccion_nuevas_roboflow_100_actual_20260408\selected_images\belen_titan_05_2026-03-18_120633.jpg,1032420
belen_titan_06_2026-03-18_120639.jpg,06,2026-03-18 12:06:39,D:\SUBASTA\minera-belen\iakol_minera_belen_titan_alma_peru\capture_rumas\2026-03-18\belen_titan_06_2026-03-18_120639.jpg,D:\SUBASTA\deteccion-rumas-belen-para-roboflow\seleccion_nuevas_roboflow_100_actual_20260408\selected_images\belen_titan_06_2026-03-18_120639.jpg,839593
belen_titan_07_2026-03-18_120644.jpg,07,2026-03-18 12:06:44,D:\SUBASTA\minera-belen\iakol_minera_belen_titan_alma_peru\capture_rumas\2026-03-18\belen_titan_07_2026-03-18_120644.jpg,D:\SUBASTA\deteccion-rumas-belen-para-roboflow\seleccion_nuevas_roboflow_100_actual_20260408\selected_images\belen_titan_07_2026-03-18_120644.jpg,748337
belen_titan_08_2026-03-18_120649.jpg,08,2026-03-18 12:06:49,D:\SUBASTA\minera-belen\iakol_minera_belen_titan_alma_peru\capture_rumas\2026-03-18\belen_titan_08_2026-03-18_120649.jpg,D:\SUBASTA\deteccion-rumas-belen-para-roboflow\seleccion_nuevas_roboflow_100_actual_20260408\selected_images\belen_titan_08_2026-03-18_120649.jpg,959372
belen_titan_01_2026-03-18_122118.jpg,01,2026-03-18 12:21:18,D:\SUBASTA\minera-belen\iakol_minera_belen_titan_alma_peru\capture_rumas\2026-03-18\belen_titan_01_2026-03-18_122118.jpg,D:\SUBASTA\deteccion-rumas-belen-para-roboflow\seleccion_nuevas_roboflow_100_actual_20260408\selected_images\belen_titan_01_2026-03-18_122118.jpg,394103
belen_titan_03_2026-03-18_122123.jpg,03,2026-03-18 12:21:23,D:\SUBASTA\minera-belen\iakol_minera_belen_titan_alma_peru\capture_rumas\2026-03-18\belen_titan_03_2026-03-18_122123.jpg,D:\SUBASTA\deteccion-rumas-belen-para-roboflow\seleccion_nuevas_roboflow_100_actual_20260408\selected_images\belen_titan_03_2026-03-18_122123.jpg,868030
belen_titan_04_2026-03-18_122128.jpg,04,2026-03-18 12:21:28,D:\SUBASTA\minera-belen\iakol_minera_belen_titan_alma_peru\capture_rumas\2026-03-18\belen_titan_04_2026-03-18_122128.jpg,D:\SUBASTA\deteccion-rumas-belen-para-roboflow\seleccion_nuevas_roboflow_100_actual_20260408\selected_images\belen_titan_04_2026-03-18_122128.jpg,948603
belen_titan_05_2026-03-18_122133.jpg,05,2026-03-18 12:21:33,D:\SUBASTA\minera-belen\iakol_minera_belen_titan_alma_peru\capture_rumas\2026-03-18\belen_titan_05_2026-03-18_122133.jpg,D:\SUBASTA\deteccion-rumas-belen-para-roboflow\seleccion_nuevas_roboflow_100_actual_20260408\selected_images\belen_titan_05_2026-03-18_122133.jpg,961790
belen_titan_06_2026-03-18_122138.jpg,06,2026-03-18 12:21:38,D:\SUBASTA\minera-belen\iakol_minera_belen_titan_alma_peru\capture_rumas\2026-03-18\belen_titan_06_2026-03-18_122138.jpg,D:\SUBASTA\deteccion-rumas-belen-para-roboflow\seleccion_nuevas_roboflow_100_actual_20260408\selected_images\belen_titan_06_2026-03-18_122138.jpg,916394
belen_titan_07_2026-03-18_122143.jpg,07,2026-03-18 12:21:43,D:\SUBASTA\minera-belen\iakol_minera_belen_titan_alma_peru\capture_rumas\2026-03-18\belen_titan_07_2026-03-18_122143.jpg,D:\SUBASTA\deteccion-rumas-belen-para-roboflow\seleccion_nuevas_roboflow_100_actual_20260408\selected_images\belen_titan_07_2026-03-18_122143.jpg,828823
belen_titan_08_2026-03-18_122148.jpg,08,2026-03-18 12:21:48,D:\SUBASTA\minera-belen\iakol_minera_belen_titan_alma_peru\capture_rumas\2026-03-18\belen_titan_08_2026-03-18_122148.jpg,D:\SUBASTA\deteccion-rumas-belen-para-roboflow\seleccion_nuevas_roboflow_100_actual_20260408\selected_images\belen_titan_08_2026-03-18_122148.jpg,998449
belen_titan_01_2026-03-18_123619.jpg,01,2026-03-18 12:36:19,D:\SUBASTA\minera-belen\iakol_minera_belen_titan_alma_peru\capture_rumas\2026-03-18\belen_titan_01_2026-03-18_123619.jpg,D:\SUBASTA\deteccion-rumas-belen-para-roboflow\seleccion_nuevas_roboflow_100_actual_20260408\selected_images\belen_titan_01_2026-03-18_123619.jpg,368700
belen_titan_03_2026-03-18_123623.jpg,03,2026-03-18 12:36:23,D:\SUBASTA\minera-belen\iakol_minera_belen_titan_alma_peru\capture_rumas\2026-03-18\belen_titan_03_2026-03-18_123623.jpg,D:\SUBASTA\deteccion-rumas-belen-para-roboflow\seleccion_nuevas_roboflow_100_actual_20260408\selected_images\belen_titan_03_2026-03-18_123623.jpg,742768
belen_titan_04_2026-03-18_123628.jpg,04,2026-03-18 12:36:28,D:\SUBASTA\minera-belen\iakol_minera_belen_titan_alma_peru\capture_rumas\2026-03-18\belen_titan_04_2026-03-18_123628.jpg,D:\SUBASTA\deteccion-rumas-belen-para-roboflow\seleccion_nuevas_roboflow_100_actual_20260408\selected_images\belen_titan_04_2026-03-18_123628.jpg,1061885
belen_titan_05_2026-03-18_123633.jpg,05,2026-03-18 12:36:33,D:\SUBASTA\minera-belen\iakol_minera_belen_titan_alma_peru\capture_rumas\2026-03-18\belen_titan_05_2026-03-18_123633.jpg,D:\SUBASTA\deteccion-rumas-belen-para-roboflow\seleccion_nuevas_roboflow_100_actual_20260408\selected_images\belen_titan_05_2026-03-18_123633.jpg,876460
belen_titan_06_2026-03-18_123638.jpg,06,2026-03-18 12:36:38,D:\SUBASTA\minera-belen\iakol_minera_belen_titan_alma_peru\capture_rumas\2026-03-18\belen_titan_06_2026-03-18_123638.jpg,D:\SUBASTA\deteccion-rumas-belen-para-roboflow\seleccion_nuevas_roboflow_100_actual_20260408\selected_images\belen_titan_06_2026-03-18_123638.jpg,787343
belen_titan_07_2026-03-18_123643.jpg,07,2026-03-18 12:36:43,D:\SUBASTA\minera-belen\iakol_minera_belen_titan_alma_peru\capture_rumas\2026-03-18\belen_titan_07_2026-03-18_123643.jpg,D:\SUBASTA\deteccion-rumas-belen-para-roboflow\seleccion_nuevas_roboflow_100_actual_20260408\selected_images\belen_titan_07_2026-03-18_123643.jpg,748993
belen_titan_08_2026-03-18_123648.jpg,08,2026-03-18 12:36:48,D:\SUBASTA\minera-belen\iakol_minera_belen_titan_alma_peru\capture_rumas\2026-03-18\belen_titan_08_2026-03-18_123648.jpg,D:\SUBASTA\deteccion-rumas-belen-para-roboflow\seleccion_nuevas_roboflow_100_actual_20260408\selected_images\belen_titan_08_2026-03-18_123648.jpg,955737
belen_titan_01_2026-03-18_125119.jpg,01,2026-03-18 12:51:19,D:\SUBASTA\minera-belen\iakol_minera_belen_titan_alma_peru\capture_rumas\2026-03-18\belen_titan_01_2026-03-18_125119.jpg,D:\SUBASTA\deteccion-rumas-belen-para-roboflow\seleccion_nuevas_roboflow_100_actual_20260408\selected_images\belen_titan_01_2026-03-18_125119.jpg,361649
belen_titan_03_2026-03-18_125124.jpg,03,2026-03-18 12:51:24,D:\SUBASTA\minera-belen\iakol_minera_belen_titan_alma_peru\capture_rumas\2026-03-18\belen_titan_03_2026-03-18_125124.jpg,D:\SUBASTA\deteccion-rumas-belen-para-roboflow\seleccion_nuevas_roboflow_100_actual_20260408\selected_images\belen_titan_03_2026-03-18_125124.jpg,740180
belen_titan_04_2026-03-18_125128.jpg,04,2026-03-18 12:51:28,D:\SUBASTA\minera-belen\iakol_minera_belen_titan_alma_peru\capture_rumas\2026-03-18\belen_titan_04_2026-03-18_125128.jpg,D:\SUBASTA\deteccion-rumas-belen-para-roboflow\seleccion_nuevas_roboflow_100_actual_20260408\selected_images\belen_titan_04_2026-03-18_125128.jpg,890878
belen_titan_05_2026-03-18_125133.jpg,05,2026-03-18 12:51:33,D:\SUBASTA\minera-belen\iakol_minera_belen_titan_alma_peru\capture_rumas\2026-03-18\belen_titan_05_2026-03-18_125133.jpg,D:\SUBASTA\deteccion-rumas-belen-para-roboflow\seleccion_nuevas_roboflow_100_actual_20260408\selected_images\belen_titan_05_2026-03-18_125133.jpg,911816
belen_titan_06_2026-03-18_125138.jpg,06,2026-03-18 12:51:38,D:\SUBASTA\minera-belen\iakol_minera_belen_titan_alma_peru\capture_rumas\2026-03-18\belen_titan_06_2026-03-18_125138.jpg,D:\SUBASTA\deteccion-rumas-belen-para-roboflow\seleccion_nuevas_roboflow_100_actual_20260408\selected_images\belen_titan_06_2026-03-18_125138.jpg,830954
belen_titan_07_2026-03-18_125143.jpg,07,2026-03-18 12:51:43,D:\SUBASTA\minera-belen\iakol_minera_belen_titan_alma_peru\capture_rumas\2026-03-18\belen_titan_07_2026-03-18_125143.jpg,D:\SUBASTA\deteccion-rumas-belen-para-roboflow\seleccion_nuevas_roboflow_100_actual_20260408\selected_images\belen_titan_07_2026-03-18_125143.jpg,739174
belen_titan_08_2026-03-18_125148.jpg,08,2026-03-18 12:51:48,D:\SUBASTA\minera-belen\iakol_minera_belen_titan_alma_peru\capture_rumas\2026-03-18\belen_titan_08_2026-03-18_125148.jpg,D:\SUBASTA\deteccion-rumas-belen-para-roboflow\seleccion_nuevas_roboflow_100_actual_20260408\selected_images\belen_titan_08_2026-03-18_125148.jpg,977154
belen_titan_01_2026-03-18_130619.jpg,01,2026-03-18 13:06:19,D:\SUBASTA\minera-belen\iakol_minera_belen_titan_alma_peru\capture_rumas\2026-03-18\belen_titan_01_2026-03-18_130619.jpg,D:\SUBASTA\deteccion-rumas-belen-para-roboflow\seleccion_nuevas_roboflow_100_actual_20260408\selected_images\belen_titan_01_2026-03-18_130619.jpg,337605
belen_titan_03_2026-03-18_130624.jpg,03,2026-03-18 13:06:24,D:\SUBASTA\minera-belen\iakol_minera_belen_titan_alma_peru\capture_rumas\2026-03-18\belen_titan_03_2026-03-18_130624.jpg,D:\SUBASTA\deteccion-rumas-belen-para-roboflow\seleccion_nuevas_roboflow_100_actual_20260408\selected_images\belen_titan_03_2026-03-18_130624.jpg,788703
belen_titan_04_2026-03-18_130630.jpg,04,2026-03-18 13:06:30,D:\SUBASTA\minera-belen\iakol_minera_belen_titan_alma_peru\capture_rumas\2026-03-18\belen_titan_04_2026-03-18_130630.jpg,D:\SUBASTA\deteccion-rumas-belen-para-roboflow\seleccion_nuevas_roboflow_100_actual_20260408\selected_images\belen_titan_04_2026-03-18_130630.jpg,963106
belen_titan_05_2026-03-18_130636.jpg,05,2026-03-18 13:06:36,D:\SUBASTA\minera-belen\iakol_minera_belen_titan_alma_peru\capture_rumas\2026-03-18\belen_titan_05_2026-03-18_130636.jpg,D:\SUBASTA\deteccion-rumas-belen-para-roboflow\seleccion_nuevas_roboflow_100_actual_20260408\selected_images\belen_titan_05_2026-03-18_130636.jpg,878338
belen_titan_06_2026-03-18_130642.jpg,06,2026-03-18 13:06:42,D:\SUBASTA\minera-belen\iakol_minera_belen_titan_alma_peru\capture_rumas\2026-03-18\belen_titan_06_2026-03-18_130642.jpg,D:\SUBASTA\deteccion-rumas-belen-para-roboflow\seleccion_nuevas_roboflow_100_actual_20260408\selected_images\belen_titan_06_2026-03-18_130642.jpg,830250
belen_titan_07_2026-03-18_130647.jpg,07,2026-03-18 13:06:47,D:\SUBASTA\minera-belen\iakol_minera_belen_titan_alma_peru\capture_rumas\2026-03-18\belen_titan_07_2026-03-18_130647.jpg,D:\SUBASTA\deteccion-rumas-belen-para-roboflow\seleccion_nuevas_roboflow_100_actual_20260408\selected_images\belen_titan_07_2026-03-18_130647.jpg,733719
belen_titan_08_2026-03-18_130653.jpg,08,2026-03-18 13:06:53,D:\SUBASTA\minera-belen\iakol_minera_belen_titan_alma_peru\capture_rumas\2026-03-18\belen_titan_08_2026-03-18_130653.jpg,D:\SUBASTA\deteccion-rumas-belen-para-roboflow\seleccion_nuevas_roboflow_100_actual_20260408\selected_images\belen_titan_08_2026-03-18_130653.jpg,829424
belen_titan_01_2026-03-18_132119.jpg,01,2026-03-18 13:21:19,D:\SUBASTA\minera-belen\iakol_minera_belen_titan_alma_peru\capture_rumas\2026-03-18\belen_titan_01_2026-03-18_132119.jpg,D:\SUBASTA\deteccion-rumas-belen-para-roboflow\seleccion_nuevas_roboflow_100_actual_20260408\selected_images\belen_titan_01_2026-03-18_132119.jpg,337432
belen_titan_03_2026-03-18_132123.jpg,03,2026-03-18 13:21:23,D:\SUBASTA\minera-belen\iakol_minera_belen_titan_alma_peru\capture_rumas\2026-03-18\belen_titan_03_2026-03-18_132123.jpg,D:\SUBASTA\deteccion-rumas-belen-para-roboflow\seleccion_nuevas_roboflow_100_actual_20260408\selected_images\belen_titan_03_2026-03-18_132123.jpg,708563
belen_titan_04_2026-03-18_132128.jpg,04,2026-03-18 13:21:28,D:\SUBASTA\minera-belen\iakol_minera_belen_titan_alma_peru\capture_rumas\2026-03-18\belen_titan_04_2026-03-18_132128.jpg,D:\SUBASTA\deteccion-rumas-belen-para-roboflow\seleccion_nuevas_roboflow_100_actual_20260408\selected_images\belen_titan_04_2026-03-18_132128.jpg,915454
belen_titan_05_2026-03-18_132133.jpg,05,2026-03-18 13:21:33,D:\SUBASTA\minera-belen\iakol_minera_belen_titan_alma_peru\capture_rumas\2026-03-18\belen_titan_05_2026-03-18_132133.jpg,D:\SUBASTA\deteccion-rumas-belen-para-roboflow\seleccion_nuevas_roboflow_100_actual_20260408\selected_images\belen_titan_05_2026-03-18_132133.jpg,863186
belen_titan_06_2026-03-18_132138.jpg,06,2026-03-18 13:21:38,D:\SUBASTA\minera-belen\iakol_minera_belen_titan_alma_peru\capture_rumas\2026-03-18\belen_titan_06_2026-03-18_132138.jpg,D:\SUBASTA\deteccion-rumas-belen-para-roboflow\seleccion_nuevas_roboflow_100_actual_20260408\selected_images\belen_titan_06_2026-03-18_132138.jpg,838953
belen_titan_07_2026-03-18_132143.jpg,07,2026-03-18 13:21:43,D:\SUBASTA\minera-belen\iakol_minera_belen_titan_alma_peru\capture_rumas\2026-03-18\belen_titan_07_2026-03-18_132143.jpg,D:\SUBASTA\deteccion-rumas-belen-para-roboflow\seleccion_nuevas_roboflow_100_actual_20260408\selected_images\belen_titan_07_2026-03-18_132143.jpg,806746
belen_titan_08_2026-03-18_132149.jpg,08,2026-03-18 13:21:49,D:\SUBASTA\minera-belen\iakol_minera_belen_titan_alma_peru\capture_rumas\2026-03-18\belen_titan_08_2026-03-18_132149.jpg,D:\SUBASTA\deteccion-rumas-belen-para-roboflow\seleccion_nuevas_roboflow_100_actual_20260408\selected_images\belen_titan_08_2026-03-18_132149.jpg,886819
belen_titan_01_2026-03-18_133620.jpg,01,2026-03-18 13:36:20,D:\SUBASTA\minera-belen\iakol_minera_belen_titan_alma_peru\capture_rumas\2026-03-18\belen_titan_01_2026-03-18_133620.jpg,D:\SUBASTA\deteccion-rumas-belen-para-roboflow\seleccion_nuevas_roboflow_100_actual_20260408\selected_images\belen_titan_01_2026-03-18_133620.jpg,360145
belen_titan_03_2026-03-18_133625.jpg,03,2026-03-18 13:36:25,D:\SUBASTA\minera-belen\iakol_minera_belen_titan_alma_peru\capture_rumas\2026-03-18\belen_titan_03_2026-03-18_133625.jpg,D:\SUBASTA\deteccion-rumas-belen-para-roboflow\seleccion_nuevas_roboflow_100_actual_20260408\selected_images\belen_titan_03_2026-03-18_133625.jpg,860340
belen_titan_04_2026-03-18_133630.jpg,04,2026-03-18 13:36:30,D:\SUBASTA\minera-belen\iakol_minera_belen_titan_alma_peru\capture_rumas\2026-03-18\belen_titan_04_2026-03-18_133630.jpg,D:\SUBASTA\deteccion-rumas-belen-para-roboflow\seleccion_nuevas_roboflow_100_actual_20260408\selected_images\belen_titan_04_2026-03-18_133630.jpg,986127
belen_titan_05_2026-03-18_133635.jpg,05,2026-03-18 13:36:35,D:\SUBASTA\minera-belen\iakol_minera_belen_titan_alma_peru\capture_rumas\2026-03-18\belen_titan_05_2026-03-18_133635.jpg,D:\SUBASTA\deteccion-rumas-belen-para-roboflow\seleccion_nuevas_roboflow_100_actual_20260408\selected_images\belen_titan_05_2026-03-18_133635.jpg,891183
belen_titan_06_2026-03-18_133640.jpg,06,2026-03-18 13:36:40,D:\SUBASTA\minera-belen\iakol_minera_belen_titan_alma_peru\capture_rumas\2026-03-18\belen_titan_06_2026-03-18_133640.jpg,D:\SUBASTA\deteccion-rumas-belen-para-roboflow\seleccion_nuevas_roboflow_100_actual_20260408\selected_images\belen_titan_06_2026-03-18_133640.jpg,884041
belen_titan_07_2026-03-18_133645.jpg,07,2026-03-18 13:36:45,D:\SUBASTA\minera-belen\iakol_minera_belen_titan_alma_peru\capture_rumas\2026-03-18\belen_titan_07_2026-03-18_133645.jpg,D:\SUBASTA\deteccion-rumas-belen-para-roboflow\seleccion_nuevas_roboflow_100_actual_20260408\selected_images\belen_titan_07_2026-03-18_133645.jpg,917076
belen_titan_08_2026-03-18_133650.jpg,08,2026-03-18 13:36:50,D:\SUBASTA\minera-belen\iakol_minera_belen_titan_alma_peru\capture_rumas\2026-03-18\belen_titan_08_2026-03-18_133650.jpg,D:\SUBASTA\deteccion-rumas-belen-para-roboflow\seleccion_nuevas_roboflow_100_actual_20260408\selected_images\belen_titan_08_2026-03-18_133650.jpg,977279
belen_titan_01_2026-03-18_135120.jpg,01,2026-03-18 13:51:20,D:\SUBASTA\minera-belen\iakol_minera_belen_titan_alma_peru\capture_rumas\2026-03-18\belen_titan_01_2026-03-18_135120.jpg,D:\SUBASTA\deteccion-rumas-belen-para-roboflow\seleccion_nuevas_roboflow_100_actual_20260408\selected_images\belen_titan_01_2026-03-18_135120.jpg,351367
belen_titan_03_2026-03-18_135124.jpg,03,2026-03-18 13:51:24,D:\SUBASTA\minera-belen\iakol_minera_belen_titan_alma_peru\capture_rumas\2026-03-18\belen_titan_03_2026-03-18_135124.jpg,D:\SUBASTA\deteccion-rumas-belen-para-roboflow\seleccion_nuevas_roboflow_100_actual_20260408\selected_images\belen_titan_03_2026-03-18_135124.jpg,777404
belen_titan_04_2026-03-18_135128.jpg,04,2026-03-18 13:51:28,D:\SUBASTA\minera-belen\iakol_minera_belen_titan_alma_peru\capture_rumas\2026-03-18\belen_titan_04_2026-03-18_135128.jpg,D:\SUBASTA\deteccion-rumas-belen-para-roboflow\seleccion_nuevas_roboflow_100_actual_20260408\selected_images\belen_titan_04_2026-03-18_135128.jpg,988625
belen_titan_05_2026-03-18_135133.jpg,05,2026-03-18 13:51:33,D:\SUBASTA\minera-belen\iakol_minera_belen_titan_alma_peru\capture_rumas\2026-03-18\belen_titan_05_2026-03-18_135133.jpg,D:\SUBASTA\deteccion-rumas-belen-para-roboflow\seleccion_nuevas_roboflow_100_actual_20260408\selected_images\belen_titan_05_2026-03-18_135133.jpg,863105
belen_titan_06_2026-03-18_135138.jpg,06,2026-03-18 13:51:38,D:\SUBASTA\minera-belen\iakol_minera_belen_titan_alma_peru\capture_rumas\2026-03-18\belen_titan_06_2026-03-18_135138.jpg,D:\SUBASTA\deteccion-rumas-belen-para-roboflow\seleccion_nuevas_roboflow_100_actual_20260408\selected_images\belen_titan_06_2026-03-18_135138.jpg,933932
belen_titan_07_2026-03-18_135143.jpg,07,2026-03-18 13:51:43,D:\SUBASTA\minera-belen\iakol_minera_belen_titan_alma_peru\capture_rumas\2026-03-18\belen_titan_07_2026-03-18_135143.jpg,D:\SUBASTA\deteccion-rumas-belen-para-roboflow\seleccion_nuevas_roboflow_100_actual_20260408\selected_images\belen_titan_07_2026-03-18_135143.jpg,774857
belen_titan_08_2026-03-18_135149.jpg,08,2026-03-18 13:51:49,D:\SUBASTA\minera-belen\iakol_minera_belen_titan_alma_peru\capture_rumas\2026-03-18\belen_titan_08_2026-03-18_135149.jpg,D:\SUBASTA\deteccion-rumas-belen-para-roboflow\seleccion_nuevas_roboflow_100_actual_20260408\selected_images\belen_titan_08_2026-03-18_135149.jpg,891208
belen_titan_01_2026-03-18_140619.jpg,01,2026-03-18 14:06:19,D:\SUBASTA\minera-belen\iakol_minera_belen_titan_alma_peru\capture_rumas\2026-03-18\belen_titan_01_2026-03-18_140619.jpg,D:\SUBASTA\deteccion-rumas-belen-para-roboflow\seleccion_nuevas_roboflow_100_actual_20260408\selected_images\belen_titan_01_2026-03-18_140619.jpg,338434
belen_titan_03_2026-03-18_140625.jpg,03,2026-03-18 14:06:25,D:\SUBASTA\minera-belen\iakol_minera_belen_titan_alma_peru\capture_rumas\2026-03-18\belen_titan_03_2026-03-18_140625.jpg,D:\SUBASTA\deteccion-rumas-belen-para-roboflow\seleccion_nuevas_roboflow_100_actual_20260408\selected_images\belen_titan_03_2026-03-18_140625.jpg,785223
belen_titan_04_2026-03-18_140630.jpg,04,2026-03-18 14:06:30,D:\SUBASTA\minera-belen\iakol_minera_belen_titan_alma_peru\capture_rumas\2026-03-18\belen_titan_04_2026-03-18_140630.jpg,D:\SUBASTA\deteccion-rumas-belen-para-roboflow\seleccion_nuevas_roboflow_100_actual_20260408\selected_images\belen_titan_04_2026-03-18_140630.jpg,1036633
belen_titan_05_2026-03-18_140636.jpg,05,2026-03-18 14:06:36,D:\SUBASTA\minera-belen\iakol_minera_belen_titan_alma_peru\capture_rumas\2026-03-18\belen_titan_05_2026-03-18_140636.jpg,D:\SUBASTA\deteccion-rumas-belen-para-roboflow\seleccion_nuevas_roboflow_100_actual_20260408\selected_images\belen_titan_05_2026-03-18_140636.jpg,902699
belen_titan_06_2026-03-18_140642.jpg,06,2026-03-18 14:06:42,D:\SUBASTA\minera-belen\iakol_minera_belen_titan_alma_peru\capture_rumas\2026-03-18\belen_titan_06_2026-03-18_140642.jpg,D:\SUBASTA\deteccion-rumas-belen-para-roboflow\seleccion_nuevas_roboflow_100_actual_20260408\selected_images\belen_titan_06_2026-03-18_140642.jpg,914661
belen_titan_07_2026-03-18_140647.jpg,07,2026-03-18 14:06:47,D:\SUBASTA\minera-belen\iakol_minera_belen_titan_alma_peru\capture_rumas\2026-03-18\belen_titan_07_2026-03-18_140647.jpg,D:\SUBASTA\deteccion-rumas-belen-para-roboflow\seleccion_nuevas_roboflow_100_actual_20260408\selected_images\belen_titan_07_2026-03-18_140647.jpg,743233
belen_titan_08_2026-03-18_140653.jpg,08,2026-03-18 14:06:53,D:\SUBASTA\minera-belen\iakol_minera_belen_titan_alma_peru\capture_rumas\2026-03-18\belen_titan_08_2026-03-18_140653.jpg,D:\SUBASTA\deteccion-rumas-belen-para-roboflow\seleccion_nuevas_roboflow_100_actual_20260408\selected_images\belen_titan_08_2026-03-18_140653.jpg,868249
belen_titan_01_2026-03-18_142119.jpg,01,2026-03-18 14:21:19,D:\SUBASTA\minera-belen\iakol_minera_belen_titan_alma_peru\capture_rumas\2026-03-18\belen_titan_01_2026-03-18_142119.jpg,D:\SUBASTA\deteccion-rumas-belen-para-roboflow\seleccion_nuevas_roboflow_100_actual_20260408\selected_images\belen_titan_01_2026-03-18_142119.jpg,362656
belen_titan_03_2026-03-18_142124.jpg,03,2026-03-18 14:21:24,D:\SUBASTA\minera-belen\iakol_minera_belen_titan_alma_peru\capture_rumas\2026-03-18\belen_titan_03_2026-03-18_142124.jpg,D:\SUBASTA\deteccion-rumas-belen-para-roboflow\seleccion_nuevas_roboflow_100_actual_20260408\selected_images\belen_titan_03_2026-03-18_142124.jpg,807818
belen_titan_04_2026-03-18_142128.jpg,04,2026-03-18 14:21:28,D:\SUBASTA\minera-belen\iakol_minera_belen_titan_alma_peru\capture_rumas\2026-03-18\belen_titan_04_2026-03-18_142128.jpg,D:\SUBASTA\deteccion-rumas-belen-para-roboflow\seleccion_nuevas_roboflow_100_actual_20260408\selected_images\belen_titan_04_2026-03-18_142128.jpg,1034310
belen_titan_05_2026-03-18_142133.jpg,05,2026-03-18 14:21:33,D:\SUBASTA\minera-belen\iakol_minera_belen_titan_alma_peru\capture_rumas\2026-03-18\belen_titan_05_2026-03-18_142133.jpg,D:\SUBASTA\deteccion-rumas-belen-para-roboflow\seleccion_nuevas_roboflow_100_actual_20260408\selected_images\belen_titan_05_2026-03-18_142133.jpg,942426
belen_titan_06_2026-03-18_142138.jpg,06,2026-03-18 14:21:38,D:\SUBASTA\minera-belen\iakol_minera_belen_titan_alma_peru\capture_rumas\2026-03-18\belen_titan_06_2026-03-18_142138.jpg,D:\SUBASTA\deteccion-rumas-belen-para-roboflow\seleccion_nuevas_roboflow_100_actual_20260408\selected_images\belen_titan_06_2026-03-18_142138.jpg,967053
belen_titan_07_2026-03-18_142144.jpg,07,2026-03-18 14:21:44,D:\SUBASTA\minera-belen\iakol_minera_belen_titan_alma_peru\capture_rumas\2026-03-18\belen_titan_07_2026-03-18_142144.jpg,D:\SUBASTA\deteccion-rumas-belen-para-roboflow\seleccion_nuevas_roboflow_100_actual_20260408\selected_images\belen_titan_07_2026-03-18_142144.jpg,973043
belen_titan_08_2026-03-18_142149.jpg,08,2026-03-18 14:21:49,D:\SUBASTA\minera-belen\iakol_minera_belen_titan_alma_peru\capture_rumas\2026-03-18\belen_titan_08_2026-03-18_142149.jpg,D:\SUBASTA\deteccion-rumas-belen-para-roboflow\seleccion_nuevas_roboflow_100_actual_20260408\selected_images\belen_titan_08_2026-03-18_142149.jpg,876954
belen_titan_01_2026-03-18_143620.jpg,01,2026-03-18 14:36:20,D:\SUBASTA\minera-belen\iakol_minera_belen_titan_alma_peru\capture_rumas\2026-03-18\belen_titan_01_2026-03-18_143620.jpg,D:\SUBASTA\deteccion-rumas-belen-para-roboflow\seleccion_nuevas_roboflow_100_actual_20260408\selected_images\belen_titan_01_2026-03-18_143620.jpg,357016
belen_titan_03_2026-03-18_143624.jpg,03,2026-03-18 14:36:24,D:\SUBASTA\minera-belen\iakol_minera_belen_titan_alma_peru\capture_rumas\2026-03-18\belen_titan_03_2026-03-18_143624.jpg,D:\SUBASTA\deteccion-rumas-belen-para-roboflow\seleccion_nuevas_roboflow_100_actual_20260408\selected_images\belen_titan_03_2026-03-18_143624.jpg,768922
belen_titan_04_2026-03-18_143628.jpg,04,2026-03-18 14:36:28,D:\SUBASTA\minera-belen\iakol_minera_belen_titan_alma_peru\capture_rumas\2026-03-18\belen_titan_04_2026-03-18_143628.jpg,D:\SUBASTA\deteccion-rumas-belen-para-roboflow\seleccion_nuevas_roboflow_100_actual_20260408\selected_images\belen_titan_04_2026-03-18_143628.jpg,1048446
belen_titan_05_2026-03-18_143633.jpg,05,2026-03-18 14:36:33,D:\SUBASTA\minera-belen\iakol_minera_belen_titan_alma_peru\capture_rumas\2026-03-18\belen_titan_05_2026-03-18_143633.jpg,D:\SUBASTA\deteccion-rumas-belen-para-roboflow\seleccion_nuevas_roboflow_100_actual_20260408\selected_images\belen_titan_05_2026-03-18_143633.jpg,940527
belen_titan_06_2026-03-18_143638.jpg,06,2026-03-18 14:36:38,D:\SUBASTA\minera-belen\iakol_minera_belen_titan_alma_peru\capture_rumas\2026-03-18\belen_titan_06_2026-03-18_143638.jpg,D:\SUBASTA\deteccion-rumas-belen-para-roboflow\seleccion_nuevas_roboflow_100_actual_20260408\selected_images\belen_titan_06_2026-03-18_143638.jpg,961377
belen_titan_07_2026-03-18_143644.jpg,07,2026-03-18 14:36:44,D:\SUBASTA\minera-belen\iakol_minera_belen_titan_alma_peru\capture_rumas\2026-03-18\belen_titan_07_2026-03-18_143644.jpg,D:\SUBASTA\deteccion-rumas-belen-para-roboflow\seleccion_nuevas_roboflow_100_actual_20260408\selected_images\belen_titan_07_2026-03-18_143644.jpg,942634
belen_titan_08_2026-03-18_143649.jpg,08,2026-03-18 14:36:49,D:\SUBASTA\minera-belen\iakol_minera_belen_titan_alma_peru\capture_rumas\2026-03-18\belen_titan_08_2026-03-18_143649.jpg,D:\SUBASTA\deteccion-rumas-belen-para-roboflow\seleccion_nuevas_roboflow_100_actual_20260408\selected_images\belen_titan_08_2026-03-18_143649.jpg,891494
belen_titan_01_2026-03-18_145120.jpg,01,2026-03-18 14:51:20,D:\SUBASTA\minera-belen\iakol_minera_belen_titan_alma_peru\capture_rumas\2026-03-18\belen_titan_01_2026-03-18_145120.jpg,D:\SUBASTA\deteccion-rumas-belen-para-roboflow\seleccion_nuevas_roboflow_100_actual_20260408\selected_images\belen_titan_01_2026-03-18_145120.jpg,380174
belen_titan_03_2026-03-18_145123.jpg,03,2026-03-18 14:51:23,D:\SUBASTA\minera-belen\iakol_minera_belen_titan_alma_peru\capture_rumas\2026-03-18\belen_titan_03_2026-03-18_145123.jpg,D:\SUBASTA\deteccion-rumas-belen-para-roboflow\seleccion_nuevas_roboflow_100_actual_20260408\selected_images\belen_titan_03_2026-03-18_145123.jpg,860391
belen_titan_04_2026-03-18_145128.jpg,04,2026-03-18 14:51:28,D:\SUBASTA\minera-belen\iakol_minera_belen_titan_alma_peru\capture_rumas\2026-03-18\belen_titan_04_2026-03-18_145128.jpg,D:\SUBASTA\deteccion-rumas-belen-para-roboflow\seleccion_nuevas_roboflow_100_actual_20260408\selected_images\belen_titan_04_2026-03-18_145128.jpg,1054217
belen_titan_05_2026-03-18_145133.jpg,05,2026-03-18 14:51:33,D:\SUBASTA\minera-belen\iakol_minera_belen_titan_alma_peru\capture_rumas\2026-03-18\belen_titan_05_2026-03-18_145133.jpg,D:\SUBASTA\deteccion-rumas-belen-para-roboflow\seleccion_nuevas_roboflow_100_actual_20260408\selected_images\belen_titan_05_2026-03-18_145133.jpg,935455
belen_titan_06_2026-03-18_145138.jpg,06,2026-03-18 14:51:38,D:\SUBASTA\minera-belen\iakol_minera_belen_titan_alma_peru\capture_rumas\2026-03-18\belen_titan_06_2026-03-18_145138.jpg,D:\SUBASTA\deteccion-rumas-belen-para-roboflow\seleccion_nuevas_roboflow_100_actual_20260408\selected_images\belen_titan_06_2026-03-18_145138.jpg,982360
belen_titan_07_2026-03-18_145143.jpg,07,2026-03-18 14:51:43,D:\SUBASTA\minera-belen\iakol_minera_belen_titan_alma_peru\capture_rumas\2026-03-18\belen_titan_07_2026-03-18_145143.jpg,D:\SUBASTA\deteccion-rumas-belen-para-roboflow\seleccion_nuevas_roboflow_100_actual_20260408\selected_images\belen_titan_07_2026-03-18_145143.jpg,895678
belen_titan_08_2026-03-18_145149.jpg,08,2026-03-18 14:51:49,D:\SUBASTA\minera-belen\iakol_minera_belen_titan_alma_peru\capture_rumas\2026-03-18\belen_titan_08_2026-03-18_145149.jpg,D:\SUBASTA\deteccion-rumas-belen-para-roboflow\seleccion_nuevas_roboflow_100_actual_20260408\selected_images\belen_titan_08_2026-03-18_145149.jpg,1081064
belen_titan_01_2026-03-18_150619.jpg,01,2026-03-18 15:06:19,D:\SUBASTA\minera-belen\iakol_minera_belen_titan_alma_peru\capture_rumas\2026-03-18\belen_titan_01_2026-03-18_150619.jpg,D:\SUBASTA\deteccion-rumas-belen-para-roboflow\seleccion_nuevas_roboflow_100_actual_20260408\selected_images\belen_titan_01_2026-03-18_150619.jpg,381096
belen_titan_03_2026-03-18_150624.jpg,03,2026-03-18 15:06:24,D:\SUBASTA\minera-belen\iakol_minera_belen_titan_alma_peru\capture_rumas\2026-03-18\belen_titan_03_2026-03-18_150624.jpg,D:\SUBASTA\deteccion-rumas-belen-para-roboflow\seleccion_nuevas_roboflow_100_actual_20260408\selected_images\belen_titan_03_2026-03-18_150624.jpg,819338
belen_titan_04_2026-03-18_150628.jpg,04,2026-03-18 15:06:28,D:\SUBASTA\minera-belen\iakol_minera_belen_titan_alma_peru\capture_rumas\2026-03-18\belen_titan_04_2026-03-18_150628.jpg,D:\SUBASTA\deteccion-rumas-belen-para-roboflow\seleccion_nuevas_roboflow_100_actual_20260408\selected_images\belen_titan_04_2026-03-18_150628.jpg,1057855
belen_titan_05_2026-03-18_150633.jpg,05,2026-03-18 15:06:33,D:\SUBASTA\minera-belen\iakol_minera_belen_titan_alma_peru\capture_rumas\2026-03-18\belen_titan_05_2026-03-18_150633.jpg,D:\SUBASTA\deteccion-rumas-belen-para-roboflow\seleccion_nuevas_roboflow_100_actual_20260408\selected_images\belen_titan_05_2026-03-18_150633.jpg,1004733
belen_titan_06_2026-03-18_150638.jpg,06,2026-03-18 15:06:38,D:\SUBASTA\minera-belen\iakol_minera_belen_titan_alma_peru\capture_rumas\2026-03-18\belen_titan_06_2026-03-18_150638.jpg,D:\SUBASTA\deteccion-rumas-belen-para-roboflow\seleccion_nuevas_roboflow_100_actual_20260408\selected_images\belen_titan_06_2026-03-18_150638.jpg,1031632
belen_titan_07_2026-03-18_150643.jpg,07,2026-03-18 15:06:43,D:\SUBASTA\minera-belen\iakol_minera_belen_titan_alma_peru\capture_rumas\2026-03-18\belen_titan_07_2026-03-18_150643.jpg,D:\SUBASTA\deteccion-rumas-belen-para-roboflow\seleccion_nuevas_roboflow_100_actual_20260408\selected_images\belen_titan_07_2026-03-18_150643.jpg,1076570
belen_titan_08_2026-03-18_150648.jpg,08,2026-03-18 15:06:48,D:\SUBASTA\minera-belen\iakol_minera_belen_titan_alma_peru\capture_rumas\2026-03-18\belen_titan_08_2026-03-18_150648.jpg,D:\SUBASTA\deteccion-rumas-belen-para-roboflow\seleccion_nuevas_roboflow_100_actual_20260408\selected_images\belen_titan_08_2026-03-18_150648.jpg,964839
belen_titan_01_2026-03-18_152119.jpg,01,2026-03-18 15:21:19,D:\SUBASTA\minera-belen\iakol_minera_belen_titan_alma_peru\capture_rumas\2026-03-18\belen_titan_01_2026-03-18_152119.jpg,D:\SUBASTA\deteccion-rumas-belen-para-roboflow\seleccion_nuevas_roboflow_100_actual_20260408\selected_images\belen_titan_01_2026-03-18_152119.jpg,370623
belen_titan_03_2026-03-18_152123.jpg,03,2026-03-18 15:21:23,D:\SUBASTA\minera-belen\iakol_minera_belen_titan_alma_peru\capture_rumas\2026-03-18\belen_titan_03_2026-03-18_152123.jpg,D:\SUBASTA\deteccion-rumas-belen-para-roboflow\seleccion_nuevas_roboflow_100_actual_20260408\selected_images\belen_titan_03_2026-03-18_152123.jpg,855315
belen_titan_04_2026-03-18_152128.jpg,04,2026-03-18 15:21:28,D:\SUBASTA\minera-belen\iakol_minera_belen_titan_alma_peru\capture_rumas\2026-03-18\belen_titan_04_2026-03-18_152128.jpg,D:\SUBASTA\deteccion-rumas-belen-para-roboflow\seleccion_nuevas_roboflow_100_actual_20260408\selected_images\belen_titan_04_2026-03-18_152128.jpg,1090043
belen_titan_05_2026-03-18_152133.jpg,05,2026-03-18 15:21:33,D:\SUBASTA\minera-belen\iakol_minera_belen_titan_alma_peru\capture_rumas\2026-03-18\belen_titan_05_2026-03-18_152133.jpg,D:\SUBASTA\deteccion-rumas-belen-para-roboflow\seleccion_nuevas_roboflow_100_actual_20260408\selected_images\belen_titan_05_2026-03-18_152133.jpg,1035341
belen_titan_06_2026-03-18_152138.jpg,06,2026-03-18 15:21:38,D:\SUBASTA\minera-belen\iakol_minera_belen_titan_alma_peru\capture_rumas\2026-03-18\belen_titan_06_2026-03-18_152138.jpg,D:\SUBASTA\deteccion-rumas-belen-para-roboflow\seleccion_nuevas_roboflow_100_actual_20260408\selected_images\belen_titan_06_2026-03-18_152138.jpg,1036250
belen_titan_07_2026-03-18_152144.jpg,07,2026-03-18 15:21:44,D:\SUBASTA\minera-belen\iakol_minera_belen_titan_alma_peru\capture_rumas\2026-03-18\belen_titan_07_2026-03-18_152144.jpg,D:\SUBASTA\deteccion-rumas-belen-para-roboflow\seleccion_nuevas_roboflow_100_actual_20260408\selected_images\belen_titan_07_2026-03-18_152144.jpg,961901
belen_titan_08_2026-03-18_152149.jpg,08,2026-03-18 15:21:49,D:\SUBASTA\minera-belen\iakol_minera_belen_titan_alma_peru\capture_rumas\2026-03-18\belen_titan_08_2026-03-18_152149.jpg,D:\SUBASTA\deteccion-rumas-belen-para-roboflow\seleccion_nuevas_roboflow_100_actual_20260408\selected_images\belen_titan_08_2026-03-18_152149.jpg,1028999
belen_titan_01_2026-03-18_153619.jpg,01,2026-03-18 15:36:19,D:\SUBASTA\minera-belen\iakol_minera_belen_titan_alma_peru\capture_rumas\2026-03-18\belen_titan_01_2026-03-18_153619.jpg,D:\SUBASTA\deteccion-rumas-belen-para-roboflow\seleccion_nuevas_roboflow_100_actual_20260408\selected_images\belen_titan_01_2026-03-18_153619.jpg,374524
belen_titan_03_2026-03-18_153623.jpg,03,2026-03-18 15:36:23,D:\SUBASTA\minera-belen\iakol_minera_belen_titan_alma_peru\capture_rumas\2026-03-18\belen_titan_03_2026-03-18_153623.jpg,D:\SUBASTA\deteccion-rumas-belen-para-roboflow\seleccion_nuevas_roboflow_100_actual_20260408\selected_images\belen_titan_03_2026-03-18_153623.jpg,917998
